Age,Gender,Filename
55+,Male,1087_MTI_DIS_XX
35-44,Male,1042_IOM_DIS_XX
16-24,Female,1003_IWW_FEA_XX
55+,Female,1006_DFA_FEA_XX
45-54,Female,1025_TAI_NEU_XX
16-24,Male,1023_IOM_HAP_XX
55+,Female,1024_ITH_DIS_XX
55+,Female,1055_DFA_NEU_XX
25-34,Female,1063_WSI_DIS_XX
55+,Male,1087_ITS_FEA_XX
55+,Female,1006_TSI_NEU_XX
35-44,Female,1058_TSI_NEU_XX
35-44,Male,1044_IOM_ANG_XX
35-44,Male,1044_IWW_SAD_XX
55+,Male,1087_WSI_SAD_XX
35-44,Male,1017_ITH_NEU_XX
25-34,Male,1070_IWL_FEA_XX
25-34,Female,1063_IEO_FEA_MD
55+,Female,1024_IWL_DIS_XX
25-34,Male,1033_IEO_DIS_HI
45-54,Male,1090_MTI_SAD_XX
45-54,Male,1083_WSI_NEU_XX
55+,Female,1055_IEO_SAD_LO
25-34,Female,1063_ITS_ANG_XX
16-24,Male,1014_ITH_NEU_XX
45-54,Male,1083_DFA_ANG_XX
55+,Male,1067_IEO_SAD_MD
16-24,Female,1003_ITS_HAP_XX
45-54,Female,1056_ITS_DIS_XX
25-34,Male,1069_IWL_ANG_XX
55+,Female,1006_MTI_FEA_XX
55+,Female,1020_WSI_HAP_XX
55+,Female,1006_TIE_HAP_XX
55+,Male,1062_TSI_HAP_XX
35-44,Female,1058_TIE_ANG_XX
25-34,Female,1076_TSI_SAD_XX
55+,Male,1051_IEO_NEU_XX
35-44,Male,1041_MTI_SAD_XX
25-34,Female,1029_TAI_HAP_XX
55+,Female,1028_TSI_FEA_XX
35-44,Male,1017_ITH_FEA_XX
45-54,Female,1056_WSI_SAD_XX
55+,Male,1067_IWL_FEA_XX
35-44,Male,1027_IEO_SAD_HI
16-24,Female,1073_TIE_DIS_XX
16-24,Female,1003_TAI_FEA_XX
45-54,Male,1090_MTI_ANG_XX
55+,Female,1028_IWW_ANG_XX
45-54,Female,1008_MTI_NEU_XX
16-24,Male,1022_IEO_DIS_LO
55+,Female,1028_ITS_ANG_XX
45-54,Female,1008_MTI_HAP_XX
16-24,Female,1002_WSI_FEA_XX
55+,Female,1006_MTI_NEU_XX
55+,Female,1055_IEO_HAP_MD
55+,Male,1034_IWL_FEA_XX
55+,Male,1050_TAI_HAP_XX
35-44,Female,1075_DFA_DIS_XX
55+,Male,1062_IEO_SAD_MD
16-24,Female,1047_TIE_FEA_XX
45-54,Female,1084_MTI_SAD_XX
16-24,Male,1022_DFA_SAD_XX
25-34,Female,1021_TSI_NEU_XX
55+,Male,1067_IWW_HAP_XX
55+,Female,1020_WSI_SAD_XX
55+,Male,1051_TIE_SAD_XX
25-34,Male,1033_IWW_FEA_XX
55+,Female,1006_TSI_ANG_XX
55+,Male,1034_TSI_NEU_XX
35-44,Male,1041_IOM_DIS_XX
35-44,Male,1027_DFA_DIS_XX
45-54,Female,1025_WSI_ANG_XX
25-34,Female,1029_TIE_NEU_XX
45-54,Female,1025_TSI_SAD_XX
35-44,Male,1041_IOM_HAP_XX
55+,Female,1020_WSI_FEA_XX
45-54,Male,1001_IOM_FEA_XX
35-44,Male,1048_IWL_DIS_XX
35-44,Female,1004_TIE_SAD_XX
35-44,Male,1044_IEO_HAP_MD
25-34,Male,1015_ITH_ANG_XX
55+,Male,1050_TAI_ANG_XX
45-54,Male,1035_MTI_HAP_XX
55+,Female,1055_IEO_DIS_HI
16-24,Male,1022_DFA_ANG_XX
55+,Male,1067_IEO_HAP_MD
55+,Male,1067_DFA_FEA_XX
25-34,Female,1029_IWW_HAP_XX
45-54,Male,1035_DFA_FEA_XX
55+,Male,1050_WSI_SAD_XX
55+,Male,1034_IWL_SAD_XX
25-34,Male,1005_IOM_ANG_XX
55+,Male,1051_IWL_NEU_XX
55+,Male,1067_IWL_ANG_XX
35-44,Male,1048_DFA_DIS_XX
55+,Male,1034_IOM_FEA_XX
45-54,Male,1001_MTI_DIS_XX
35-44,Female,1054_TIE_DIS_XX
55+,Male,1034_IEO_FEA_HI
55+,Female,1020_IEO_HAP_HI
55+,Male,1067_MTI_SAD_XX
16-24,Male,1077_IEO_ANG_HI
35-44,Male,1027_IEO_NEU_XX
55+,Female,1028_ITS_NEU_XX
55+,Female,1028_DFA_ANG_XX
55+,Female,1020_IEO_HAP_LO
55+,Male,1067_WSI_ANG_XX
55+,Female,1028_IEO_ANG_LO
25-34,Female,1072_ITH_NEU_XX
55+,Male,1034_IOM_DIS_XX
55+,Female,1020_IEO_ANG_HI
45-54,Female,1061_IEO_FEA_HI
16-24,Female,1078_WSI_ANG_XX
45-54,Female,1084_TIE_DIS_XX
35-44,Male,1040_TSI_HAP_XX
45-54,Male,1001_IWL_HAP_XX
25-34,Male,1068_IEO_ANG_HI
25-34,Female,1063_WSI_SAD_XX
55+,Male,1016_ITS_SAD_XX
16-24,Male,1077_WSI_FEA_XX
55+,Female,1006_IEO_ANG_LO
45-54,Female,1008_TAI_HAP_XX
45-54,Female,1037_TSI_DIS_XX
25-34,Male,1070_IWL_SAD_XX
35-44,Female,1053_IWW_SAD_XX
16-24,Male,1038_ITH_ANG_XX
45-54,Male,1064_IOM_ANG_XX
35-44,Female,1054_TSI_NEU_XX
35-44,Female,1007_DFA_SAD_XX
35-44,Female,1004_TSI_SAD_XX
55+,Female,1020_ITH_DIS_XX
35-44,Female,1004_DFA_HAP_XX
25-34,Male,1015_IWW_FEA_XX
16-24,Male,1059_ITH_DIS_XX
25-34,Female,1043_MTI_HAP_XX
16-24,Female,1003_DFA_SAD_XX
45-54,Male,1064_DFA_HAP_XX
35-44,Female,1007_IOM_ANG_XX
55+,Male,1016_IEO_SAD_LO
16-24,Female,1003_TAI_NEU_XX
55+,Male,1051_IEO_DIS_MD
35-44,Female,1075_DFA_ANG_XX
55+,Female,1024_IEO_NEU_XX
55+,Female,1055_DFA_HAP_XX
45-54,Male,1090_TSI_NEU_XX
55+,Male,1062_MTI_ANG_XX
55+,Male,1016_TAI_NEU_XX
35-44,Male,1042_TAI_DIS_XX
16-24,Female,1012_TIE_ANG_XX
45-54,Female,1084_IEO_FEA_HI
35-44,Female,1054_ITH_ANG_XX
45-54,Male,1039_MTI_NEU_XX
55+,Female,1020_IWW_SAD_XX
35-44,Male,1017_IWW_ANG_XX
55+,Male,1051_IWL_SAD_XX
25-34,Female,1018_ITS_SAD_XX
55+,Male,1051_TAI_DIS_XX
55+,Female,1006_IWL_ANG_XX
55+,Male,1034_IEO_HAP_LO
16-24,Male,1077_IWL_SAD_XX
16-24,Female,1003_IWL_HAP_XX
35-44,Female,1054_TAI_FEA_XX
55+,Female,1006_IWW_SAD_XX
55+,Female,1006_IEO_FEA_LO
55+,Female,1020_DFA_HAP_XX
55+,Male,1067_TIE_ANG_XX
16-24,Female,1082_ITH_ANG_XX
55+,Male,1034_DFA_SAD_XX
25-34,Male,1066_TSI_DIS_XX
25-34,Female,1072_TAI_SAD_XX
45-54,Male,1036_IEO_SAD_MD
35-44,Male,1044_IEO_HAP_LO
55+,Male,1062_WSI_NEU_XX
25-34,Female,1010_IWL_FEA_XX
45-54,Female,1037_IWL_FEA_XX
25-34,Male,1026_IOM_FEA_XX
25-34,Male,1032_ITS_HAP_XX
35-44,Female,1075_DFA_HAP_XX
16-24,Male,1080_WSI_DIS_XX
35-44,Male,1044_IEO_DIS_HI
35-44,Female,1007_ITH_HAP_XX
25-34,Female,1029_IOM_DIS_XX
35-44,Male,1042_IOM_FEA_XX
35-44,Male,1027_IWL_ANG_XX
16-24,Female,1009_WSI_FEA_XX
16-24,Female,1047_IEO_SAD_HI
45-54,Female,1061_IWW_DIS_XX
35-44,Male,1065_IEO_HAP_LO
55+,Male,1067_IEO_FEA_MD
55+,Female,1055_TIE_HAP_XX
16-24,Male,1088_IWW_HAP_XX
55+,Female,1028_ITH_NEU_XX
16-24,Male,1022_IEO_NEU_XX
45-54,Male,1001_WSI_ANG_XX
35-44,Female,1004_IWW_FEA_XX
55+,Male,1050_IEO_HAP_LO
16-24,Male,1014_IEO_FEA_LO
55+,Male,1087_IOM_FEA_XX
55+,Male,1067_TSI_ANG_XX
35-44,Male,1017_ITH_SAD_XX
35-44,Male,1017_IEO_HAP_HI
16-24,Male,1022_IOM_ANG_XX
16-24,Female,1089_IWL_FEA_XX
45-54,Female,1037_IEO_FEA_LO
55+,Female,1028_MTI_HAP_XX
55+,Male,1067_WSI_DIS_XX
16-24,Male,1080_ITH_ANG_XX
25-34,Male,1032_ITH_NEU_XX
45-54,Male,1064_IWW_FEA_XX
55+,Female,1028_IOM_SAD_XX
55+,Female,1020_TSI_NEU_XX
45-54,Male,1036_TSI_ANG_XX
45-54,Female,1037_IEO_SAD_LO
55+,Female,1028_TAI_NEU_XX
25-34,Female,1018_ITS_NEU_XX
45-54,Female,1084_ITH_NEU_XX
45-54,Male,1036_ITS_ANG_XX
45-54,Female,1025_TAI_FEA_XX
25-34,Male,1015_IWW_HAP_XX
55+,Female,1024_WSI_NEU_XX
45-54,Male,1039_WSI_NEU_XX
45-54,Male,1035_WSI_NEU_XX
35-44,Female,1007_IEO_HAP_MD
25-34,Male,1026_WSI_HAP_XX
16-24,Male,1022_IEO_HAP_LO
45-54,Female,1025_ITH_DIS_XX
35-44,Male,1042_IEO_SAD_MD
55+,Male,1051_IEO_SAD_LO
45-54,Male,1090_IOM_SAD_XX
55+,Female,1055_ITS_NEU_XX
55+,Female,1024_TSI_DIS_XX
45-54,Female,1056_ITH_DIS_XX
35-44,Female,1007_DFA_HAP_XX
55+,Female,1028_ITH_DIS_XX
45-54,Male,1035_WSI_DIS_XX
35-44,Female,1058_IOM_DIS_XX
45-54,Female,1056_TAI_ANG_XX
16-24,Male,1023_ITS_NEU_XX
45-54,Female,1008_TSI_SAD_XX
16-24,Female,1009_IWL_HAP_XX
55+,Female,1006_IWW_ANG_XX
35-44,Female,1053_TSI_DIS_XX
35-44,Male,1071_IWW_DIS_XX
55+,Female,1028_TAI_DIS_XX
16-24,Female,1009_IEO_SAD_LO
16-24,Male,1045_TAI_FEA_XX
35-44,Female,1004_IWL_SAD_XX
35-44,Female,1004_ITH_SAD_XX
55+,Male,1050_ITS_FEA_XX
16-24,Female,1047_IWL_ANG_XX
55+,Male,1051_DFA_ANG_XX
45-54,Female,1061_IEO_ANG_LO
25-34,Male,1086_TSI_HAP_XX
55+,Male,1067_IOM_ANG_XX
16-24,Male,1022_TAI_ANG_XX
25-34,Male,1026_MTI_NEU_XX
25-34,Female,1010_TSI_ANG_XX
55+,Female,1028_TSI_NEU_XX
55+,Male,1087_IEO_HAP_MD
35-44,Male,1027_TIE_NEU_XX
25-34,Male,1033_ITS_HAP_XX
35-44,Male,1040_ITH_DIS_XX
55+,Female,1020_IEO_SAD_LO
55+,Male,1034_IOM_HAP_XX
16-24,Male,1023_WSI_HAP_XX
16-24,Female,1002_WSI_HAP_XX
16-24,Female,1073_TAI_FEA_XX
16-24,Female,1003_IEO_FEA_MD
55+,Female,1024_IEO_DIS_MD
35-44,Female,1053_TSI_SAD_XX
55+,Female,1055_IEO_ANG_HI
55+,Female,1006_IWL_NEU_XX
45-54,Male,1001_TSI_ANG_XX
55+,Female,1055_IEO_SAD_MD
55+,Male,1050_IOM_HAP_XX
35-44,Female,1007_TAI_NEU_XX
16-24,Female,1047_IEO_HAP_HI
16-24,Female,1009_IWL_ANG_XX
25-34,Female,1076_WSI_DIS_XX
25-34,Male,1032_DFA_ANG_XX
55+,Male,1067_IOM_SAD_XX
55+,Female,1055_IEO_HAP_LO
16-24,Female,1078_IWW_HAP_XX
35-44,Male,1042_IEO_ANG_MD
55+,Female,1028_TAI_HAP_XX
55+,Male,1034_TIE_SAD_XX
16-24,Female,1003_TAI_HAP_XX
45-54,Male,1090_MTI_HAP_XX
45-54,Female,1056_IEO_FEA_MD
25-34,Male,1069_IWW_HAP_XX
25-34,Male,1069_DFA_NEU_XX
45-54,Male,1064_TSI_SAD_XX
16-24,Male,1038_IWL_NEU_XX
16-24,Male,1038_IEO_DIS_LO
35-44,Female,1075_IEO_ANG_HI
16-24,Male,1088_IEO_SAD_MD
55+,Male,1067_TSI_SAD_XX
35-44,Male,1040_IEO_SAD_MD
45-54,Male,1064_IEO_NEU_XX
35-44,Female,1004_TAI_SAD_XX
35-44,Male,1040_ITS_SAD_XX
55+,Male,1050_IOM_DIS_XX
55+,Female,1028_ITS_DIS_XX
35-44,Male,1044_DFA_HAP_XX
55+,Female,1024_IEO_HAP_LO
16-24,Male,1023_TIE_HAP_XX
35-44,Male,1017_DFA_ANG_XX
35-44,Female,1007_IOM_FEA_XX
55+,Male,1050_IEO_SAD_MD
35-44,Female,1004_IEO_SAD_HI
45-54,Female,1084_IEO_DIS_HI
16-24,Female,1003_IWW_HAP_XX
16-24,Female,1013_IEO_SAD_HI
55+,Male,1034_IWL_NEU_XX
55+,Female,1028_IWL_ANG_XX
25-34,Female,1052_MTI_NEU_XX
35-44,Male,1065_IOM_ANG_XX
45-54,Male,1001_IEO_FEA_HI
55+,Male,1016_DFA_HAP_XX
25-34,Male,1069_ITH_ANG_XX
55+,Male,1050_IEO_SAD_LO
35-44,Female,1058_IEO_DIS_MD
25-34,Female,1091_IWL_HAP_XX
55+,Female,1020_ITH_HAP_XX
35-44,Male,1040_IWL_ANG_XX
55+,Male,1067_IWW_DIS_XX
55+,Female,1006_IWW_DIS_XX
55+,Female,1028_IEO_HAP_LO
35-44,Female,1054_IEO_SAD_MD
35-44,Female,1007_IWW_FEA_XX
45-54,Female,1025_IOM_ANG_XX
45-54,Male,1083_IWL_HAP_XX
45-54,Female,1025_IEO_FEA_HI
45-54,Male,1064_IOM_DIS_XX
25-34,Male,1069_ITH_SAD_XX
55+,Male,1050_TIE_DIS_XX
55+,Male,1016_TSI_HAP_XX
55+,Male,1034_IEO_ANG_HI
35-44,Female,1007_TIE_ANG_XX
16-24,Male,1038_IEO_ANG_MD
35-44,Male,1042_IOM_NEU_XX
35-44,Female,1058_TAI_NEU_XX
35-44,Male,1044_WSI_FEA_XX
55+,Male,1051_DFA_HAP_XX
45-54,Female,1084_ITH_FEA_XX
35-44,Female,1058_TSI_ANG_XX
55+,Female,1020_DFA_ANG_XX
55+,Male,1062_IWL_HAP_XX
35-44,Female,1030_IOM_DIS_XX
55+,Female,1024_IWL_NEU_XX
55+,Male,1016_MTI_FEA_XX
55+,Male,1087_TSI_HAP_XX
55+,Female,1055_TSI_NEU_XX
55+,Female,1028_ITS_HAP_XX
16-24,Male,1023_TAI_HAP_XX
55+,Female,1020_IOM_SAD_XX
55+,Female,1024_IEO_SAD_LO
55+,Male,1034_TSI_HAP_XX
55+,Male,1034_WSI_NEU_XX
25-34,Female,1043_IWW_ANG_XX
55+,Male,1087_TSI_SAD_XX
35-44,Male,1017_TIE_FEA_XX
55+,Female,1006_IOM_ANG_XX
55+,Female,1024_TSI_FEA_XX
45-54,Female,1025_IEO_SAD_LO
25-34,Male,1086_WSI_HAP_XX
35-44,Female,1075_MTI_SAD_XX
45-54,Male,1064_IWL_FEA_XX
16-24,Male,1023_IEO_FEA_HI
55+,Male,1050_IOM_SAD_XX
25-34,Female,1043_TAI_SAD_XX
55+,Male,1067_IEO_NEU_XX
25-34,Female,1049_IWL_HAP_XX
16-24,Male,1077_IWW_HAP_XX
55+,Female,1028_TSI_DIS_XX
55+,Female,1024_DFA_FEA_XX
55+,Female,1055_DFA_ANG_XX
25-34,Female,1074_ITS_FEA_XX
25-34,Female,1052_WSI_DIS_XX
55+,Female,1028_IEO_DIS_HI
25-34,Male,1032_IEO_HAP_LO
55+,Female,1006_TIE_ANG_XX
16-24,Female,1013_WSI_FEA_XX
55+,Female,1006_IEO_HAP_LO
16-24,Female,1073_TSI_DIS_XX
55+,Female,1055_ITS_HAP_XX
35-44,Female,1030_TSI_HAP_XX
55+,Female,1055_ITH_NEU_XX
55+,Female,1024_TSI_HAP_XX
55+,Female,1028_MTI_ANG_XX
16-24,Female,1013_ITS_ANG_XX
45-54,Male,1036_IEO_FEA_LO
45-54,Male,1039_ITS_DIS_XX
16-24,Female,1082_IEO_DIS_LO
16-24,Female,1079_IWL_SAD_XX
25-34,Female,1063_ITH_ANG_XX
35-44,Female,1058_MTI_SAD_XX
16-24,Female,1012_IEO_HAP_MD
55+,Male,1016_IWW_DIS_XX
55+,Male,1051_IWL_HAP_XX
55+,Female,1028_IEO_DIS_MD
16-24,Female,1003_IWL_DIS_XX
45-54,Female,1084_TAI_DIS_XX
55+,Female,1028_IEO_HAP_MD
25-34,Male,1005_TAI_HAP_XX
25-34,Female,1063_IOM_NEU_XX
55+,Female,1024_IEO_ANG_HI
35-44,Male,1065_ITH_DIS_XX
16-24,Female,1079_ITS_DIS_XX
25-34,Male,1057_IEO_SAD_MD
55+,Female,1028_DFA_NEU_XX
55+,Female,1020_ITH_ANG_XX
16-24,Male,1088_TSI_HAP_XX
55+,Female,1055_WSI_HAP_XX
35-44,Male,1044_IEO_DIS_LO
16-24,Male,1077_IWL_ANG_XX
55+,Male,1087_MTI_NEU_XX
55+,Female,1055_MTI_HAP_XX
55+,Male,1051_IWW_ANG_XX
16-24,Female,1073_TIE_FEA_XX
16-24,Female,1003_IEO_DIS_MD
45-54,Female,1037_IEO_HAP_LO
55+,Female,1024_ITH_HAP_XX
55+,Male,1016_IEO_NEU_XX
45-54,Female,1025_IEO_NEU_XX
35-44,Female,1030_IEO_HAP_HI
16-24,Male,1088_IEO_DIS_LO
16-24,Female,1002_WSI_NEU_XX
35-44,Male,1044_ITS_DIS_XX
55+,Female,1006_IWW_FEA_XX
55+,Male,1087_TAI_FEA_XX
55+,Male,1034_DFA_FEA_XX
55+,Female,1028_IWL_NEU_XX
55+,Male,1050_TAI_NEU_XX
25-34,Male,1019_MTI_DIS_XX
45-54,Male,1001_TAI_NEU_XX
55+,Female,1055_IEO_FEA_MD
16-24,Female,1089_TIE_ANG_XX
55+,Male,1034_DFA_NEU_XX
55+,Male,1034_IOM_SAD_XX
25-34,Male,1086_TIE_FEA_XX
35-44,Male,1017_TIE_HAP_XX
45-54,Male,1035_IOM_SAD_XX
35-44,Female,1007_ITS_NEU_XX
16-24,Female,1089_IWL_SAD_XX
55+,Female,1020_IOM_NEU_XX
35-44,Male,1044_IWW_FEA_XX
55+,Female,1055_IEO_DIS_LO
16-24,Female,1082_IWL_SAD_XX
55+,Male,1050_IWL_ANG_XX
16-24,Female,1073_IEO_DIS_MD
35-44,Male,1065_TIE_HAP_XX
35-44,Female,1075_TAI_SAD_XX
35-44,Male,1044_TSI_HAP_XX
55+,Male,1016_IEO_ANG_MD
35-44,Female,1030_ITH_NEU_XX
45-54,Female,1084_WSI_ANG_XX
25-34,Female,1021_IEO_FEA_MD
55+,Female,1020_MTI_SAD_XX
55+,Male,1067_TIE_NEU_XX
16-24,Male,1059_WSI_HAP_XX
35-44,Male,1040_IEO_ANG_MD
55+,Female,1055_TIE_DIS_XX
55+,Female,1028_ITS_SAD_XX
45-54,Female,1061_IEO_SAD_MD
55+,Female,1055_DFA_DIS_XX
16-24,Female,1089_WSI_DIS_XX
55+,Female,1055_IWW_HAP_XX
25-34,Female,1049_IWW_FEA_XX
55+,Female,1028_IOM_ANG_XX
25-34,Female,1072_TSI_HAP_XX
55+,Male,1087_IOM_SAD_XX
55+,Female,1006_TIE_DIS_XX
55+,Male,1087_ITH_NEU_XX
45-54,Female,1056_IEO_HAP_LO
55+,Female,1020_IEO_FEA_LO
25-34,Male,1026_IEO_DIS_LO
55+,Female,1006_ITS_SAD_XX
16-24,Female,1009_TIE_ANG_XX
55+,Female,1024_DFA_HAP_XX
55+,Female,1020_IEO_HAP_MD
55+,Female,1020_MTI_DIS_XX
35-44,Female,1030_IWW_SAD_XX
55+,Female,1055_IEO_ANG_MD
16-24,Female,1073_IOM_FEA_XX
16-24,Female,1003_ITH_NEU_XX
16-24,Male,1088_DFA_DIS_XX
55+,Female,1024_ITH_ANG_XX
55+,Female,1055_TAI_ANG_XX
35-44,Female,1007_ITS_ANG_XX
35-44,Female,1004_TIE_HAP_XX
25-34,Male,1026_ITH_ANG_XX
35-44,Female,1053_IEO_DIS_LO
35-44,Female,1030_IWL_SAD_XX
55+,Female,1024_IWW_ANG_XX
55+,Male,1051_ITS_HAP_XX
45-54,Male,1039_IWL_NEU_XX
55+,Male,1067_WSI_SAD_XX
55+,Male,1062_MTI_SAD_XX
45-54,Female,1037_WSI_DIS_XX
55+,Male,1034_ITH_ANG_XX
16-24,Female,1009_IEO_FEA_MD
16-24,Male,1077_TIE_ANG_XX
35-44,Female,1075_TIE_HAP_XX
35-44,Female,1054_ITH_SAD_XX
45-54,Female,1025_IWW_DIS_XX
45-54,Male,1064_IWW_SAD_XX
16-24,Male,1023_IEO_SAD_MD
25-34,Male,1068_WSI_HAP_XX
35-44,Female,1004_IEO_ANG_HI
16-24,Female,1012_MTI_DIS_XX
45-54,Female,1037_DFA_FEA_XX
45-54,Male,1090_IEO_SAD_LO
25-34,Female,1021_IWL_DIS_XX
25-34,Male,1005_MTI_ANG_XX
25-34,Male,1019_IOM_FEA_XX
55+,Female,1028_IEO_SAD_HI
16-24,Female,1003_MTI_SAD_XX
55+,Female,1028_IEO_FEA_LO
55+,Female,1020_TAI_ANG_XX
55+,Female,1024_ITS_FEA_XX
55+,Female,1055_WSI_SAD_XX
25-34,Female,1010_ITH_FEA_XX
55+,Female,1028_IWW_FEA_XX
25-34,Female,1021_DFA_NEU_XX
55+,Male,1087_IEO_FEA_HI
55+,Male,1062_TAI_DIS_XX
45-54,Female,1084_TAI_SAD_XX
55+,Male,1051_IWW_SAD_XX
35-44,Female,1075_IWL_HAP_XX
55+,Male,1050_IEO_NEU_XX
55+,Male,1062_IEO_HAP_LO
25-34,Female,1043_DFA_NEU_XX
55+,Male,1087_IOM_ANG_XX
55+,Female,1024_TSI_SAD_XX
25-34,Male,1005_IEO_HAP_HI
35-44,Female,1054_IEO_ANG_MD
55+,Male,1067_IEO_HAP_HI
55+,Male,1051_IOM_FEA_XX
55+,Male,1067_IEO_FEA_LO
55+,Female,1028_IWL_DIS_XX
45-54,Male,1035_IEO_DIS_MD
55+,Male,1051_ITH_DIS_XX
16-24,Female,1078_TSI_HAP_XX
55+,Female,1024_MTI_NEU_XX
35-44,Female,1053_TSI_NEU_XX
25-34,Female,1043_TIE_FEA_XX
45-54,Female,1008_TAI_FEA_XX
25-34,Male,1011_ITS_SAD_XX
55+,Male,1034_IEO_HAP_HI
55+,Male,1062_IOM_DIS_XX
55+,Male,1034_IEO_ANG_MD
55+,Male,1067_TSI_DIS_XX
55+,Male,1087_TAI_ANG_XX
55+,Male,1051_TSI_FEA_XX
25-34,Male,1068_IWL_NEU_XX
55+,Male,1034_TSI_ANG_XX
35-44,Female,1053_IWL_ANG_XX
55+,Female,1028_IEO_DIS_LO
55+,Male,1050_WSI_HAP_XX
45-54,Female,1084_IWL_ANG_XX
35-44,Female,1053_TAI_FEA_XX
16-24,Female,1089_IEO_FEA_LO
25-34,Female,1018_TAI_NEU_XX
16-24,Male,1045_MTI_DIS_XX
35-44,Female,1030_MTI_NEU_XX
35-44,Female,1058_IEO_ANG_MD
45-54,Male,1035_TIE_ANG_XX
55+,Female,1006_ITH_SAD_XX
16-24,Female,1078_TSI_DIS_XX
35-44,Female,1058_TAI_SAD_XX
35-44,Male,1040_TAI_NEU_XX
55+,Male,1016_MTI_DIS_XX
55+,Female,1055_IWW_FEA_XX
45-54,Male,1035_IOM_DIS_XX
35-44,Male,1042_WSI_FEA_XX
55+,Male,1067_TIE_FEA_XX
45-54,Female,1008_IWW_SAD_XX
55+,Male,1051_MTI_ANG_XX
16-24,Female,1078_IWL_SAD_XX
25-34,Female,1072_IEO_HAP_MD
25-34,Male,1069_ITS_DIS_XX
55+,Female,1024_IOM_ANG_XX
35-44,Male,1041_WSI_DIS_XX
55+,Female,1028_IWL_FEA_XX
35-44,Female,1004_IWL_DIS_XX
16-24,Female,1046_IOM_ANG_XX
55+,Female,1006_IEO_HAP_HI
35-44,Male,1040_IWW_NEU_XX
35-44,Male,1044_TSI_FEA_XX
16-24,Female,1073_MTI_NEU_XX
35-44,Female,1007_IEO_SAD_HI
35-44,Male,1040_IEO_ANG_HI
55+,Female,1006_TAI_ANG_XX
35-44,Female,1058_IOM_SAD_XX
55+,Male,1087_IWW_DIS_XX
45-54,Female,1061_ITS_ANG_XX
35-44,Male,1071_IOM_ANG_XX
25-34,Female,1052_ITH_NEU_XX
45-54,Male,1090_ITS_SAD_XX
25-34,Male,1031_IWW_DIS_XX
55+,Male,1016_TAI_FEA_XX
35-44,Male,1071_IWL_FEA_XX
25-34,Male,1031_TSI_HAP_XX
45-54,Male,1083_TAI_FEA_XX
35-44,Male,1027_IEO_ANG_HI
16-24,Female,1009_IOM_SAD_XX
35-44,Male,1042_TIE_ANG_XX
25-34,Male,1069_ITH_HAP_XX
35-44,Male,1042_MTI_ANG_XX
35-44,Male,1017_IOM_DIS_XX
35-44,Male,1048_IEO_SAD_MD
45-54,Male,1064_MTI_FEA_XX
55+,Male,1067_TAI_HAP_XX
16-24,Female,1009_TSI_FEA_XX
16-24,Male,1045_IOM_HAP_XX
55+,Male,1034_MTI_NEU_XX
35-44,Male,1041_IEO_DIS_LO
45-54,Female,1061_ITH_ANG_XX
55+,Female,1024_IOM_SAD_XX
55+,Female,1028_IWL_HAP_XX
45-54,Female,1084_TIE_HAP_XX
45-54,Male,1001_IWL_DIS_XX
35-44,Female,1030_DFA_DIS_XX
35-44,Male,1044_DFA_DIS_XX
55+,Female,1055_IWL_ANG_XX
35-44,Male,1042_TSI_NEU_XX
45-54,Male,1039_IWW_HAP_XX
55+,Female,1028_IWW_SAD_XX
55+,Male,1051_TIE_HAP_XX
55+,Female,1028_TSI_SAD_XX
35-44,Female,1075_MTI_FEA_XX
45-54,Female,1084_IEO_FEA_LO
16-24,Male,1088_ITS_HAP_XX
16-24,Female,1009_IEO_ANG_HI
55+,Female,1028_IEO_ANG_HI
55+,Female,1028_IWW_HAP_XX
45-54,Female,1037_IEO_HAP_HI
55+,Male,1062_ITH_SAD_XX
55+,Male,1051_ITH_NEU_XX
45-54,Male,1035_TAI_DIS_XX
55+,Female,1055_IWL_NEU_XX
55+,Female,1024_ITH_FEA_XX
55+,Female,1006_ITH_DIS_XX
16-24,Female,1009_TSI_DIS_XX
35-44,Female,1058_IWW_DIS_XX
55+,Male,1062_TSI_FEA_XX
55+,Female,1020_ITH_SAD_XX
25-34,Female,1029_DFA_HAP_XX
35-44,Female,1007_ITS_DIS_XX
45-54,Female,1056_TAI_SAD_XX
55+,Male,1087_DFA_FEA_XX
25-34,Male,1081_MTI_ANG_XX
55+,Female,1006_IEO_HAP_MD
55+,Female,1006_IOM_FEA_XX
35-44,Female,1053_IWL_DIS_XX
25-34,Male,1066_IEO_SAD_LO
25-34,Female,1072_TIE_HAP_XX
35-44,Female,1053_IEO_DIS_MD
45-54,Male,1090_IWW_ANG_XX
35-44,Male,1048_DFA_SAD_XX
25-34,Male,1085_DFA_SAD_XX
45-54,Female,1037_TSI_SAD_XX
25-34,Male,1031_DFA_NEU_XX
45-54,Male,1090_IWL_NEU_XX
16-24,Male,1045_IEO_DIS_LO
25-34,Male,1086_IWL_FEA_XX
16-24,Male,1077_IWL_NEU_XX
16-24,Female,1047_IEO_ANG_HI
35-44,Female,1030_WSI_ANG_XX
25-34,Male,1019_IEO_HAP_HI
25-34,Male,1011_WSI_DIS_XX
55+,Male,1067_IWL_SAD_XX
55+,Female,1024_IEO_FEA_LO
16-24,Male,1038_IEO_HAP_LO
55+,Male,1016_TAI_DIS_XX
45-54,Female,1025_IWL_ANG_XX
55+,Female,1028_IOM_HAP_XX
35-44,Male,1042_IWL_DIS_XX
16-24,Male,1023_MTI_ANG_XX
25-34,Male,1011_TIE_ANG_XX
35-44,Female,1007_TSI_HAP_XX
55+,Male,1016_IEO_DIS_HI
25-34,Male,1069_TIE_FEA_XX
16-24,Male,1022_TAI_NEU_XX
45-54,Female,1061_DFA_ANG_XX
55+,Male,1050_ITS_SAD_XX
25-34,Male,1032_ITS_NEU_XX
35-44,Female,1054_IWL_ANG_XX
45-54,Female,1008_MTI_DIS_XX
55+,Female,1024_MTI_FEA_XX
25-34,Male,1068_ITH_HAP_XX
45-54,Male,1036_IOM_SAD_XX
55+,Male,1034_IEO_HAP_MD
55+,Male,1016_IOM_NEU_XX
25-34,Female,1076_IOM_FEA_XX
55+,Male,1051_TSI_DIS_XX
25-34,Male,1032_IEO_DIS_HI
45-54,Female,1056_TIE_HAP_XX
55+,Male,1050_IEO_DIS_MD
45-54,Male,1064_TSI_HAP_XX
45-54,Female,1084_TIE_SAD_XX
16-24,Male,1059_IEO_ANG_LO
45-54,Male,1036_TIE_FEA_XX
16-24,Female,1046_DFA_FEA_XX
16-24,Male,1023_TIE_NEU_XX
16-24,Male,1059_IWW_ANG_XX
45-54,Female,1025_IEO_HAP_MD
25-34,Male,1081_TIE_NEU_XX
55+,Male,1067_TAI_NEU_XX
16-24,Female,1073_IWW_FEA_XX
55+,Female,1006_TAI_FEA_XX
35-44,Female,1004_IEO_NEU_XX
25-34,Female,1076_IEO_HAP_LO
35-44,Female,1058_TSI_DIS_XX
25-34,Female,1010_IEO_ANG_HI
45-54,Female,1037_MTI_FEA_XX
35-44,Female,1004_IEO_FEA_LO
55+,Female,1006_MTI_ANG_XX
25-34,Male,1070_IWL_ANG_XX
25-34,Male,1085_IEO_DIS_LO
55+,Female,1028_IEO_NEU_XX
55+,Male,1067_TAI_SAD_XX
55+,Female,1028_DFA_HAP_XX
16-24,Female,1082_IEO_ANG_HI
55+,Male,1067_ITH_SAD_XX
25-34,Male,1081_IEO_HAP_HI
45-54,Female,1084_TAI_HAP_XX
35-44,Male,1027_IEO_SAD_LO
55+,Male,1067_TSI_NEU_XX
55+,Female,1055_ITH_FEA_XX
25-34,Female,1091_ITH_SAD_XX
16-24,Female,1073_TSI_SAD_XX
55+,Female,1024_IEO_ANG_MD
35-44,Female,1030_IOM_SAD_XX
35-44,Female,1058_IEO_HAP_MD
35-44,Female,1058_DFA_DIS_XX
55+,Female,1028_TAI_FEA_XX
55+,Male,1087_ITH_SAD_XX
16-24,Male,1045_ITH_SAD_XX
16-24,Female,1082_IWW_DIS_XX
55+,Female,1028_TSI_HAP_XX
35-44,Female,1075_TSI_SAD_XX
45-54,Male,1083_IEO_DIS_HI
55+,Female,1020_TSI_FEA_XX
55+,Male,1067_IEO_FEA_HI
55+,Female,1028_ITH_ANG_XX
55+,Female,1028_TIE_DIS_XX
55+,Female,1028_TAI_ANG_XX
35-44,Male,1042_ITH_DIS_XX
25-34,Male,1081_IEO_ANG_MD
16-24,Male,1014_TSI_SAD_XX
55+,Male,1067_WSI_HAP_XX
55+,Male,1034_TAI_HAP_XX
55+,Male,1062_ITH_HAP_XX
25-34,Male,1033_IWL_HAP_XX
45-54,Male,1064_WSI_DIS_XX
55+,Male,1062_IWL_ANG_XX
16-24,Female,1078_IWW_FEA_XX
35-44,Female,1030_ITS_FEA_XX
35-44,Female,1030_IEO_ANG_LO
45-54,Female,1008_IEO_FEA_MD
35-44,Male,1042_IEO_SAD_HI
55+,Female,1006_MTI_SAD_XX
55+,Female,1024_IWW_NEU_XX
45-54,Male,1039_DFA_ANG_XX
45-54,Male,1035_ITS_ANG_XX
16-24,Female,1046_IWW_FEA_XX
55+,Female,1020_IEO_FEA_HI
55+,Male,1050_IWW_NEU_XX
55+,Female,1024_ITS_NEU_XX
35-44,Male,1017_DFA_DIS_XX
35-44,Female,1053_DFA_DIS_XX
35-44,Male,1044_MTI_ANG_XX
35-44,Female,1053_TIE_ANG_XX
55+,Female,1006_IEO_SAD_HI
45-54,Male,1064_DFA_SAD_XX
35-44,Male,1048_IEO_NEU_XX
55+,Female,1020_DFA_FEA_XX
45-54,Male,1035_IEO_FEA_HI
35-44,Male,1065_DFA_DIS_XX
16-24,Female,1073_ITS_HAP_XX
35-44,Male,1048_TSI_ANG_XX
35-44,Female,1007_ITS_SAD_XX
16-24,Male,1038_TSI_DIS_XX
35-44,Male,1017_ITS_FEA_XX
25-34,Male,1070_WSI_FEA_XX
55+,Female,1020_IEO_SAD_HI
25-34,Female,1074_TIE_NEU_XX
16-24,Female,1046_IWL_DIS_XX
55+,Female,1006_TAI_SAD_XX
55+,Male,1062_DFA_NEU_XX
25-34,Male,1085_WSI_FEA_XX
45-54,Female,1008_IWW_HAP_XX
55+,Male,1062_IWW_NEU_XX
35-44,Female,1030_IEO_FEA_LO
35-44,Female,1004_ITS_NEU_XX
16-24,Male,1023_ITH_FEA_XX
45-54,Male,1039_IOM_HAP_XX
45-54,Female,1061_WSI_HAP_XX
16-24,Female,1012_IWW_FEA_XX
55+,Female,1006_TAI_NEU_XX
35-44,Female,1007_TAI_HAP_XX
55+,Female,1024_IEO_HAP_MD
55+,Female,1024_IWL_ANG_XX
16-24,Male,1080_IEO_FEA_HI
16-24,Female,1047_IWW_SAD_XX
35-44,Female,1053_IEO_SAD_LO
45-54,Female,1025_WSI_FEA_XX
45-54,Male,1035_TSI_DIS_XX
55+,Female,1006_ITH_HAP_XX
35-44,Male,1017_IEO_SAD_LO
16-24,Male,1088_TSI_FEA_XX
55+,Male,1034_IEO_SAD_LO
55+,Male,1050_ITS_DIS_XX
16-24,Female,1012_IOM_FEA_XX
16-24,Male,1023_IEO_HAP_MD
35-44,Female,1004_ITH_FEA_XX
55+,Male,1050_TSI_SAD_XX
35-44,Female,1004_TAI_HAP_XX
55+,Female,1006_DFA_ANG_XX
45-54,Female,1037_IOM_DIS_XX
16-24,Male,1080_TAI_DIS_XX
45-54,Female,1056_MTI_ANG_XX
55+,Female,1020_WSI_NEU_XX
45-54,Male,1039_MTI_FEA_XX
55+,Female,1006_IWL_FEA_XX
35-44,Female,1030_ITS_HAP_XX
55+,Male,1062_WSI_DIS_XX
45-54,Male,1036_DFA_DIS_XX
55+,Female,1020_IWL_NEU_XX
16-24,Male,1022_IEO_ANG_HI
55+,Female,1020_IEO_DIS_LO
35-44,Male,1017_IWW_DIS_XX
16-24,Male,1045_TIE_FEA_XX
35-44,Female,1004_IEO_FEA_MD
55+,Female,1024_MTI_ANG_XX
55+,Male,1067_DFA_DIS_XX
35-44,Female,1007_WSI_DIS_XX
55+,Female,1055_IOM_ANG_XX
16-24,Female,1002_TSI_DIS_XX
55+,Female,1006_ITH_NEU_XX
35-44,Male,1044_IEO_FEA_HI
16-24,Male,1038_TSI_FEA_XX
55+,Female,1055_TIE_FEA_XX
25-34,Male,1005_IEO_ANG_HI
55+,Female,1055_TIE_NEU_XX
35-44,Female,1053_TAI_SAD_XX
55+,Female,1020_IEO_ANG_MD
16-24,Male,1088_WSI_DIS_XX
45-54,Male,1036_WSI_FEA_XX
55+,Female,1006_IWL_DIS_XX
25-34,Female,1074_ITS_ANG_XX
25-34,Male,1066_ITH_NEU_XX
35-44,Female,1007_IWW_DIS_XX
55+,Female,1055_MTI_NEU_XX
35-44,Male,1071_IEO_DIS_MD
55+,Female,1006_ITS_HAP_XX
45-54,Female,1008_IEO_FEA_LO
16-24,Male,1077_IOM_FEA_XX
16-24,Female,1073_TSI_FEA_XX
55+,Male,1050_MTI_NEU_XX
25-34,Female,1063_ITH_FEA_XX
55+,Male,1051_IWW_NEU_XX
55+,Female,1020_DFA_SAD_XX
16-24,Male,1088_ITS_SAD_XX
55+,Female,1024_IEO_SAD_MD
55+,Female,1028_IEO_SAD_LO
55+,Female,1020_ITS_ANG_XX
25-34,Male,1070_IWW_FEA_XX
16-24,Female,1009_IEO_DIS_LO
55+,Male,1087_IEO_SAD_LO
35-44,Male,1017_IOM_ANG_XX
25-34,Female,1018_TSI_HAP_XX
35-44,Female,1030_TSI_SAD_XX
25-34,Male,1019_ITS_NEU_XX
16-24,Male,1045_ITS_ANG_XX
45-54,Female,1037_MTI_DIS_XX
55+,Female,1006_TAI_DIS_XX
25-34,Male,1015_TIE_ANG_XX
55+,Female,1055_ITS_FEA_XX
55+,Male,1034_WSI_FEA_XX
25-34,Male,1069_IEO_SAD_MD
55+,Male,1062_ITS_ANG_XX
55+,Female,1020_IWL_ANG_XX
55+,Male,1034_MTI_FEA_XX
35-44,Female,1053_ITS_FEA_XX
55+,Male,1067_IWW_NEU_XX
25-34,Female,1076_IEO_NEU_XX
25-34,Male,1068_TIE_SAD_XX
45-54,Male,1090_DFA_HAP_XX
25-34,Female,1052_IEO_ANG_LO
25-34,Female,1063_MTI_ANG_XX
16-24,Male,1059_WSI_SAD_XX
25-34,Male,1011_TIE_SAD_XX
35-44,Female,1075_TIE_FEA_XX
35-44,Male,1041_ITS_NEU_XX
16-24,Male,1088_WSI_ANG_XX
16-24,Female,1012_TSI_HAP_XX
35-44,Male,1027_ITS_HAP_XX
35-44,Male,1071_TSI_SAD_XX
55+,Male,1067_IEO_SAD_LO
25-34,Female,1074_DFA_ANG_XX
16-24,Male,1080_ITH_FEA_XX
45-54,Male,1039_IEO_ANG_HI
55+,Female,1024_ITS_HAP_XX
45-54,Male,1090_ITH_HAP_XX
35-44,Female,1054_DFA_ANG_XX
35-44,Female,1030_TIE_FEA_XX
55+,Female,1024_TSI_NEU_XX
55+,Female,1006_TSI_DIS_XX
25-34,Male,1069_TAI_HAP_XX
25-34,Female,1029_ITH_FEA_XX
35-44,Female,1030_DFA_NEU_XX
16-24,Female,1073_DFA_NEU_XX
25-34,Female,1021_IEO_SAD_LO
16-24,Male,1038_ITH_DIS_XX
35-44,Male,1048_IWW_HAP_XX
16-24,Male,1080_IEO_ANG_LO
55+,Male,1016_WSI_HAP_XX
45-54,Female,1056_WSI_ANG_XX
55+,Female,1020_ITS_SAD_XX
55+,Male,1087_IEO_DIS_LO
16-24,Male,1014_ITS_ANG_XX
16-24,Female,1078_IWL_HAP_XX
16-24,Female,1078_IEO_ANG_LO
45-54,Male,1083_ITH_NEU_XX
55+,Female,1006_TSI_FEA_XX
45-54,Female,1061_TAI_FEA_XX
35-44,Female,1004_IOM_FEA_XX
45-54,Female,1025_ITS_FEA_XX
45-54,Male,1090_DFA_SAD_XX
45-54,Male,1036_ITS_SAD_XX
45-54,Male,1039_IWL_DIS_XX
35-44,Female,1075_IWL_SAD_XX
55+,Male,1062_DFA_FEA_XX
55+,Male,1087_ITS_NEU_XX
35-44,Female,1054_IWL_FEA_XX
16-24,Male,1059_IOM_SAD_XX
55+,Female,1006_IEO_DIS_HI
16-24,Male,1077_TSI_FEA_XX
55+,Female,1006_WSI_FEA_XX
45-54,Female,1061_TAI_SAD_XX
25-34,Male,1069_IOM_SAD_XX
55+,Male,1062_IEO_FEA_MD
25-34,Male,1066_ITH_SAD_XX
55+,Male,1016_TSI_NEU_XX
55+,Female,1024_IEO_HAP_HI
55+,Male,1034_IEO_DIS_MD
25-34,Male,1086_ITH_SAD_XX
16-24,Male,1080_IOM_SAD_XX
35-44,Female,1030_IOM_ANG_XX
35-44,Female,1030_IEO_SAD_LO
16-24,Female,1089_WSI_ANG_XX
35-44,Female,1054_IEO_HAP_LO
55+,Female,1024_TAI_SAD_XX
25-34,Female,1076_TAI_ANG_XX
45-54,Male,1064_ITS_ANG_XX
35-44,Male,1042_ITS_FEA_XX
35-44,Female,1058_MTI_ANG_XX
55+,Female,1028_WSI_ANG_XX
35-44,Male,1041_IEO_ANG_HI
16-24,Male,1045_MTI_ANG_XX
55+,Female,1020_ITH_FEA_XX
55+,Female,1055_TAI_SAD_XX
45-54,Female,1061_MTI_SAD_XX
35-44,Male,1040_MTI_ANG_XX
16-24,Male,1059_WSI_ANG_XX
35-44,Male,1065_ITH_FEA_XX
55+,Female,1006_TAI_HAP_XX
55+,Male,1067_ITH_ANG_XX
16-24,Female,1009_WSI_ANG_XX
45-54,Male,1090_TSI_DIS_XX
35-44,Female,1007_IEO_DIS_HI
55+,Female,1028_TSI_ANG_XX
45-54,Female,1061_ITS_DIS_XX
45-54,Male,1035_IEO_DIS_LO
25-34,Male,1019_IOM_DIS_XX
25-34,Female,1043_IEO_SAD_LO
16-24,Male,1059_IEO_SAD_MD
16-24,Male,1045_IEO_FEA_HI
55+,Female,1020_ITS_FEA_XX
45-54,Female,1037_IOM_FEA_XX
55+,Male,1051_WSI_SAD_XX
55+,Female,1024_TIE_NEU_XX
16-24,Male,1045_IWL_NEU_XX
55+,Female,1020_MTI_FEA_XX
35-44,Female,1007_WSI_SAD_XX
55+,Female,1020_TAI_DIS_XX
25-34,Male,1031_DFA_HAP_XX
25-34,Female,1029_TAI_FEA_XX
16-24,Female,1002_MTI_NEU_XX
35-44,Female,1004_WSI_NEU_XX
35-44,Male,1017_ITH_DIS_XX
55+,Female,1020_IOM_ANG_XX
55+,Male,1087_IEO_SAD_MD
45-54,Male,1090_TSI_FEA_XX
16-24,Male,1077_TSI_ANG_XX
35-44,Female,1007_IEO_ANG_LO
25-34,Male,1015_WSI_DIS_XX
55+,Female,1020_TIE_SAD_XX
55+,Male,1062_IEO_DIS_LO
35-44,Female,1075_TIE_DIS_XX
45-54,Female,1084_MTI_NEU_XX
35-44,Male,1040_IWW_ANG_XX
45-54,Female,1037_ITS_ANG_XX
16-24,Male,1080_ITS_FEA_XX
55+,Female,1020_WSI_DIS_XX
45-54,Female,1056_TSI_DIS_XX
35-44,Female,1058_TAI_ANG_XX
55+,Male,1051_ITS_FEA_XX
45-54,Female,1061_IEO_HAP_MD
25-34,Female,1010_IEO_ANG_LO
16-24,Male,1023_IWL_DIS_XX
55+,Male,1034_IEO_NEU_XX
25-34,Male,1032_DFA_FEA_XX
16-24,Male,1022_TSI_DIS_XX
55+,Female,1020_TIE_DIS_XX
55+,Male,1051_TSI_HAP_XX
45-54,Male,1039_IEO_DIS_MD
55+,Female,1055_TSI_HAP_XX
35-44,Female,1053_TSI_HAP_XX
25-34,Female,1076_IEO_FEA_HI
45-54,Male,1035_DFA_HAP_XX
55+,Female,1006_WSI_SAD_XX
55+,Female,1028_IWW_DIS_XX
25-34,Male,1026_ITS_ANG_XX
16-24,Male,1014_ITH_DIS_XX
55+,Female,1020_TAI_SAD_XX
25-34,Female,1043_WSI_FEA_XX
16-24,Male,1014_TSI_ANG_XX
35-44,Male,1027_DFA_SAD_XX
55+,Female,1006_ITS_ANG_XX
25-34,Female,1060_IEO_SAD_MD
25-34,Female,1052_IEO_FEA_MD
55+,Male,1062_IWW_FEA_XX
35-44,Female,1053_TIE_HAP_XX
25-34,Female,1052_IWL_HAP_XX
25-34,Female,1043_TAI_ANG_XX
55+,Female,1020_MTI_NEU_XX
45-54,Male,1064_TIE_SAD_XX
55+,Female,1024_MTI_HAP_XX
55+,Male,1016_IOM_FEA_XX
55+,Female,1055_TAI_HAP_XX
45-54,Male,1064_IWW_HAP_XX
35-44,Female,1075_TAI_NEU_XX
55+,Female,1024_IOM_NEU_XX
16-24,Female,1012_MTI_NEU_XX
16-24,Female,1079_ITS_ANG_XX
25-34,Female,1072_WSI_NEU_XX
16-24,Female,1013_IEO_HAP_MD
25-34,Male,1057_TIE_ANG_XX
35-44,Male,1044_IOM_NEU_XX
16-24,Male,1038_TSI_HAP_XX
55+,Female,1024_TAI_NEU_XX
55+,Male,1016_TSI_DIS_XX
35-44,Male,1040_WSI_HAP_XX
16-24,Male,1088_IWW_FEA_XX
16-24,Male,1059_ITS_SAD_XX
55+,Female,1020_IWW_NEU_XX
25-34,Female,1049_TIE_FEA_XX
55+,Female,1006_DFA_HAP_XX
16-24,Male,1022_ITS_HAP_XX
45-54,Female,1061_IWW_FEA_XX
55+,Female,1028_IEO_FEA_MD
55+,Female,1006_WSI_DIS_XX
35-44,Female,1054_IEO_DIS_LO
35-44,Male,1041_WSI_HAP_XX
16-24,Female,1046_IWW_HAP_XX
45-54,Male,1090_IOM_DIS_XX
16-24,Female,1013_TSI_FEA_XX
16-24,Female,1046_IEO_FEA_MD
45-54,Male,1083_IEO_FEA_LO
16-24,Male,1045_IWW_FEA_XX
25-34,Female,1074_DFA_NEU_XX
25-34,Female,1072_TIE_NEU_XX
25-34,Male,1031_IEO_HAP_HI
25-34,Male,1068_DFA_FEA_XX
55+,Female,1006_TIE_SAD_XX
25-34,Female,1076_TSI_DIS_XX
55+,Male,1051_ITH_ANG_XX
35-44,Male,1048_DFA_NEU_XX
45-54,Male,1090_TAI_NEU_XX
16-24,Female,1012_TSI_NEU_XX
55+,Female,1020_IWL_HAP_XX
55+,Female,1024_ITH_NEU_XX
55+,Male,1067_TIE_HAP_XX
16-24,Female,1078_IEO_DIS_HI
55+,Female,1020_IWW_ANG_XX
45-54,Male,1064_IWL_SAD_XX
55+,Male,1034_IWW_SAD_XX
25-34,Female,1049_ITH_DIS_XX
35-44,Female,1053_TSI_FEA_XX
55+,Male,1087_TIE_DIS_XX
55+,Female,1055_ITH_ANG_XX
55+,Female,1024_DFA_DIS_XX
55+,Female,1006_ITH_ANG_XX
35-44,Female,1030_MTI_DIS_XX
35-44,Female,1007_IEO_HAP_HI
16-24,Female,1003_IEO_HAP_LO
55+,Female,1020_ITS_NEU_XX
55+,Female,1055_TSI_SAD_XX
55+,Male,1034_WSI_ANG_XX
55+,Male,1034_IEO_SAD_MD
45-54,Male,1064_IEO_ANG_MD
45-54,Female,1061_ITH_NEU_XX
55+,Male,1050_IEO_HAP_MD
45-54,Male,1035_ITS_FEA_XX
35-44,Female,1053_DFA_HAP_XX
45-54,Female,1008_IEO_FEA_HI
16-24,Male,1077_TSI_HAP_XX
55+,Male,1067_TAI_ANG_XX
55+,Female,1020_IWL_DIS_XX
55+,Female,1028_TIE_SAD_XX
55+,Female,1020_TAI_FEA_XX
55+,Male,1062_IEO_NEU_XX
55+,Male,1051_WSI_FEA_XX
16-24,Male,1038_IOM_HAP_XX
35-44,Female,1004_ITS_SAD_XX
25-34,Female,1060_IOM_DIS_XX
16-24,Female,1012_ITH_ANG_XX
55+,Male,1062_ITS_FEA_XX
25-34,Male,1015_TAI_DIS_XX
55+,Male,1051_IOM_NEU_XX
25-34,Male,1069_IWW_ANG_XX
45-54,Male,1036_IEO_DIS_LO
55+,Male,1016_TIE_DIS_XX
35-44,Female,1058_IWL_DIS_XX
16-24,Male,1088_IEO_NEU_XX
55+,Male,1016_MTI_ANG_XX
55+,Male,1087_ITS_ANG_XX
55+,Male,1050_TIE_ANG_XX
45-54,Female,1025_MTI_HAP_XX
55+,Female,1028_MTI_NEU_XX
25-34,Male,1032_IEO_FEA_MD
55+,Male,1051_ITS_ANG_XX
55+,Female,1020_MTI_HAP_XX
25-34,Female,1060_TIE_NEU_XX
35-44,Female,1075_IOM_HAP_XX
35-44,Male,1071_IEO_NEU_XX
25-34,Male,1057_TSI_FEA_XX
16-24,Female,1003_IEO_ANG_LO
55+,Male,1034_ITS_NEU_XX
55+,Female,1055_IWW_ANG_XX
16-24,Male,1022_TSI_FEA_XX
16-24,Female,1073_IWL_NEU_XX
55+,Female,1024_MTI_SAD_XX
55+,Male,1051_MTI_DIS_XX
25-34,Male,1081_ITH_HAP_XX
16-24,Male,1014_DFA_FEA_XX
45-54,Male,1036_TSI_DIS_XX
55+,Female,1020_IOM_FEA_XX
16-24,Female,1089_TSI_DIS_XX
16-24,Male,1077_IOM_ANG_XX
55+,Female,1055_IOM_FEA_XX
25-34,Female,1074_IOM_HAP_XX
25-34,Male,1068_TSI_SAD_XX
45-54,Female,1037_IEO_SAD_MD
45-54,Female,1061_TIE_SAD_XX
35-44,Male,1017_IEO_FEA_LO
25-34,Female,1076_ITH_FEA_XX
45-54,Male,1035_TAI_SAD_XX
35-44,Female,1075_DFA_SAD_XX
35-44,Male,1027_IEO_HAP_MD
16-24,Female,1002_IEO_FEA_LO
55+,Male,1034_ITH_NEU_XX
55+,Female,1028_IWW_NEU_XX
35-44,Female,1030_IEO_SAD_HI
25-34,Female,1052_IEO_HAP_LO
35-44,Female,1007_MTI_NEU_XX
25-34,Male,1019_TIE_ANG_XX
55+,Female,1024_WSI_ANG_XX
45-54,Male,1036_IEO_FEA_HI
55+,Female,1020_IEO_ANG_LO
16-24,Female,1073_ITS_SAD_XX
35-44,Female,1058_IEO_FEA_MD
55+,Male,1034_MTI_ANG_XX
35-44,Male,1017_DFA_SAD_XX
55+,Female,1024_DFA_NEU_XX
45-54,Male,1036_TSI_SAD_XX
25-34,Male,1019_IEO_DIS_MD
35-44,Male,1044_TSI_DIS_XX
55+,Female,1055_IEO_FEA_HI
55+,Male,1016_IEO_FEA_LO
25-34,Female,1049_IWW_HAP_XX
25-34,Female,1029_ITH_HAP_XX
55+,Female,1055_IEO_SAD_HI
16-24,Male,1023_IEO_FEA_LO
55+,Female,1028_TIE_NEU_XX
55+,Female,1020_DFA_NEU_XX
16-24,Male,1038_IOM_DIS_XX
55+,Female,1020_ITS_HAP_XX
45-54,Male,1036_IWL_DIS_XX
35-44,Male,1042_DFA_FEA_XX
55+,Male,1016_DFA_FEA_XX
55+,Male,1051_IEO_DIS_LO
35-44,Male,1071_MTI_HAP_XX
35-44,Male,1071_TIE_DIS_XX
55+,Male,1051_IEO_ANG_LO
45-54,Male,1001_TAI_ANG_XX
45-54,Male,1039_ITH_HAP_XX
35-44,Male,1027_TSI_ANG_XX
55+,Male,1016_IWL_ANG_XX
16-24,Female,1082_IWW_NEU_XX
45-54,Male,1064_IEO_FEA_MD
25-34,Male,1081_DFA_HAP_XX
55+,Male,1087_ITS_DIS_XX
55+,Male,1051_IOM_ANG_XX
55+,Female,1006_MTI_DIS_XX
55+,Female,1028_IEO_FEA_HI
35-44,Female,1004_MTI_NEU_XX
55+,Female,1024_WSI_FEA_XX
16-24,Female,1013_DFA_ANG_XX
25-34,Female,1010_IWW_DIS_XX
55+,Male,1051_TAI_SAD_XX
55+,Female,1006_IWW_HAP_XX
16-24,Female,1047_ITH_ANG_XX
55+,Male,1050_IWL_FEA_XX
55+,Female,1006_IEO_SAD_MD
35-44,Female,1053_IEO_ANG_MD
16-24,Female,1073_TSI_ANG_XX
55+,Female,1028_TIE_ANG_XX
55+,Female,1006_TSI_SAD_XX
45-54,Male,1090_TSI_SAD_XX
16-24,Male,1038_WSI_HAP_XX
55+,Female,1020_IWL_FEA_XX
16-24,Male,1080_TIE_ANG_XX
35-44,Female,1054_IEO_FEA_HI
45-54,Female,1061_IEO_ANG_HI
16-24,Female,1089_TAI_DIS_XX
35-44,Male,1042_IEO_DIS_LO
35-44,Female,1004_TIE_FEA_XX
35-44,Female,1058_IEO_DIS_HI
25-34,Female,1043_IWL_ANG_XX
55+,Female,1020_IWW_FEA_XX
25-34,Female,1010_TSI_SAD_XX
45-54,Female,1025_WSI_NEU_XX
25-34,Female,1021_IWW_HAP_XX
16-24,Male,1022_ITS_NEU_XX
55+,Male,1067_MTI_ANG_XX
45-54,Male,1036_ITH_SAD_XX
16-24,Female,1073_IEO_HAP_LO
55+,Female,1055_TSI_ANG_XX
35-44,Male,1071_DFA_HAP_XX
55+,Male,1067_IEO_SAD_HI
55+,Female,1006_WSI_HAP_XX
35-44,Female,1053_IEO_NEU_XX
16-24,Female,1073_DFA_DIS_XX
45-54,Female,1037_WSI_NEU_XX
35-44,Female,1054_IWW_ANG_XX
35-44,Female,1053_MTI_HAP_XX
25-34,Male,1033_TSI_ANG_XX
45-54,Female,1025_IOM_HAP_XX
45-54,Female,1025_DFA_DIS_XX
35-44,Male,1017_DFA_FEA_XX
16-24,Female,1002_IWW_ANG_XX
45-54,Male,1090_TAI_SAD_XX
35-44,Female,1058_WSI_FEA_XX
16-24,Female,1003_WSI_NEU_XX
16-24,Male,1059_MTI_NEU_XX
55+,Male,1034_DFA_ANG_XX
25-34,Male,1026_IWL_FEA_XX
55+,Male,1050_IEO_SAD_HI
45-54,Female,1056_IEO_ANG_HI
45-54,Female,1037_IWW_NEU_XX
55+,Female,1028_IOM_DIS_XX
35-44,Female,1054_TSI_ANG_XX
25-34,Male,1081_IEO_FEA_MD
55+,Female,1028_ITH_SAD_XX
45-54,Male,1039_WSI_FEA_XX
25-34,Female,1074_ITS_NEU_XX
16-24,Male,1022_MTI_DIS_XX
45-54,Male,1090_TIE_FEA_XX
35-44,Male,1040_IWW_FEA_XX
55+,Female,1024_ITS_DIS_XX
55+,Female,1020_IWW_DIS_XX
55+,Female,1055_TIE_SAD_XX
35-44,Male,1027_IOM_HAP_XX
35-44,Female,1053_IEO_HAP_MD
35-44,Female,1053_IWW_DIS_XX
45-54,Male,1090_IEO_FEA_MD
16-24,Male,1045_ITH_FEA_XX
16-24,Female,1009_IWL_SAD_XX
55+,Female,1024_IWW_SAD_XX
45-54,Male,1090_ITH_FEA_XX
55+,Female,1006_IEO_ANG_MD
45-54,Male,1035_TAI_NEU_XX
45-54,Male,1001_MTI_FEA_XX
35-44,Male,1065_ITS_SAD_XX
45-54,Male,1035_IEO_DIS_HI
55+,Female,1020_IOM_DIS_XX
25-34,Male,1066_IEO_FEA_LO
55+,Male,1051_TSI_NEU_XX
55+,Male,1050_WSI_FEA_XX
45-54,Female,1025_IEO_ANG_MD
55+,Male,1087_TIE_FEA_XX
45-54,Male,1036_TIE_ANG_XX
55+,Male,1062_TAI_NEU_XX
55+,Female,1028_IEO_HAP_HI
55+,Female,1020_TSI_ANG_XX
45-54,Male,1083_IOM_FEA_XX
45-54,Male,1036_ITH_ANG_XX
55+,Female,1024_IWL_HAP_XX
55+,Female,1028_DFA_SAD_XX
35-44,Male,1040_IEO_HAP_MD
35-44,Female,1053_IWL_NEU_XX
55+,Female,1006_DFA_SAD_XX
45-54,Male,1001_WSI_DIS_XX
35-44,Male,1017_DFA_NEU_XX
35-44,Male,1042_DFA_NEU_XX
16-24,Male,1023_TSI_NEU_XX
55+,Male,1034_IEO_FEA_MD
45-54,Male,1035_MTI_FEA_XX
35-44,Female,1004_IEO_HAP_MD
16-24,Female,1073_TIE_SAD_XX
25-34,Male,1026_IOM_SAD_XX
55+,Male,1062_TAI_SAD_XX
55+,Male,1050_ITH_ANG_XX
55+,Female,1028_TAI_SAD_XX
35-44,Male,1071_WSI_HAP_XX
45-54,Male,1035_ITS_SAD_XX
55+,Female,1028_TIE_FEA_XX
16-24,Male,1023_TIE_SAD_XX
55+,Male,1067_IEO_ANG_HI
16-24,Female,1013_IEO_HAP_LO
35-44,Female,1053_TAI_ANG_XX
45-54,Male,1039_MTI_DIS_XX
55+,Male,1087_TSI_NEU_XX
55+,Female,1024_IEO_FEA_HI
25-34,Male,1068_IEO_ANG_LO
25-34,Male,1081_DFA_SAD_XX
55+,Male,1016_WSI_FEA_XX
55+,Male,1062_IEO_SAD_HI
55+,Female,1028_WSI_SAD_XX
35-44,Female,1054_IWW_SAD_XX
35-44,Female,1007_ITH_NEU_XX
45-54,Male,1083_MTI_DIS_XX
25-34,Male,1015_TAI_FEA_XX
55+,Female,1020_MTI_ANG_XX
45-54,Male,1039_MTI_ANG_XX
25-34,Female,1049_DFA_HAP_XX
55+,Female,1055_TSI_FEA_XX
45-54,Male,1001_TSI_DIS_XX
55+,Male,1016_IWL_DIS_XX
25-34,Female,1091_TSI_HAP_XX
55+,Female,1006_IWL_SAD_XX
35-44,Male,1027_TAI_ANG_XX
45-54,Male,1083_TAI_DIS_XX
55+,Male,1062_IOM_NEU_XX
35-44,Male,1042_WSI_ANG_XX
16-24,Male,1045_IEO_HAP_LO
16-24,Female,1012_IEO_SAD_LO
35-44,Female,1075_IOM_ANG_XX
25-34,Male,1070_ITH_HAP_XX
35-44,Male,1040_TIE_NEU_XX
25-34,Female,1021_TSI_SAD_XX
55+,Female,1020_TSI_DIS_XX
45-54,Male,1064_IEO_FEA_HI
55+,Male,1050_IWL_DIS_XX
55+,Female,1024_TAI_HAP_XX
35-44,Female,1058_IEO_ANG_LO
16-24,Male,1045_IWL_ANG_XX
55+,Male,1067_MTI_DIS_XX
45-54,Male,1039_TSI_HAP_XX
55+,Female,1006_WSI_NEU_XX
55+,Female,1055_IWW_DIS_XX
45-54,Male,1090_IEO_FEA_LO
45-54,Female,1008_DFA_HAP_XX
35-44,Female,1030_TIE_HAP_XX
55+,Male,1062_IEO_ANG_HI
25-34,Male,1086_IOM_SAD_XX
16-24,Male,1038_DFA_HAP_XX
55+,Female,1020_ITH_NEU_XX
55+,Female,1024_IOM_FEA_XX
45-54,Male,1001_TIE_FEA_XX
45-54,Male,1001_IOM_ANG_XX
25-34,Male,1068_IOM_SAD_XX
25-34,Male,1033_TSI_SAD_XX
16-24,Male,1038_ITH_HAP_XX
25-34,Male,1019_IEO_SAD_LO
45-54,Female,1084_WSI_NEU_XX
35-44,Female,1054_IEO_FEA_LO
25-34,Female,1074_TSI_ANG_XX
55+,Female,1055_ITS_SAD_XX
45-54,Male,1064_WSI_FEA_XX
45-54,Female,1037_IWW_SAD_XX
35-44,Male,1065_IEO_FEA_MD
45-54,Male,1064_IWW_DIS_XX
55+,Female,1028_TIE_HAP_XX
35-44,Female,1007_IWW_NEU_XX
55+,Female,1020_TIE_HAP_XX
55+,Female,1028_ITH_FEA_XX
35-44,Male,1040_MTI_NEU_XX
55+,Male,1016_IEO_FEA_HI
55+,Female,1055_WSI_NEU_XX
55+,Female,1024_IWW_DIS_XX
35-44,Male,1040_DFA_HAP_XX
16-24,Female,1073_TAI_SAD_XX
25-34,Male,1031_IWL_DIS_XX
25-34,Female,1052_ITH_ANG_XX
55+,Female,1006_IEO_FEA_MD
55+,Female,1006_ITH_FEA_XX
35-44,Female,1004_ITH_NEU_XX
25-34,Female,1018_DFA_SAD_XX
45-54,Male,1090_ITS_FEA_XX
35-44,Male,1065_IEO_FEA_LO
16-24,Male,1077_IWW_ANG_XX
45-54,Female,1056_WSI_HAP_XX
45-54,Female,1037_IOM_HAP_XX
16-24,Female,1078_TAI_FEA_XX
16-24,Female,1002_TIE_DIS_XX
25-34,Male,1085_MTI_SAD_XX
45-54,Male,1035_MTI_ANG_XX
35-44,Female,1030_MTI_FEA_XX
55+,Male,1051_IWL_DIS_XX
35-44,Male,1017_IEO_ANG_LO
55+,Female,1055_ITH_SAD_XX
35-44,Male,1027_IWL_SAD_XX
55+,Male,1034_WSI_HAP_XX
55+,Female,1055_IEO_DIS_MD
35-44,Female,1054_DFA_FEA_XX
55+,Female,1024_WSI_DIS_XX
16-24,Female,1089_TIE_FEA_XX
55+,Male,1067_IEO_ANG_LO
55+,Female,1055_IWW_NEU_XX
16-24,Female,1082_IEO_NEU_XX
16-24,Male,1080_IEO_DIS_HI
55+,Male,1016_IEO_FEA_MD
55+,Female,1020_IEO_DIS_HI
45-54,Female,1084_IWL_FEA_XX
25-34,Male,1066_IEO_HAP_HI
25-34,Female,1018_IWL_HAP_XX
16-24,Male,1038_ITS_SAD_XX
55+,Male,1087_DFA_ANG_XX
16-24,Female,1003_MTI_FEA_XX
25-34,Male,1085_WSI_DIS_XX
25-34,Male,1019_TSI_HAP_XX
16-24,Female,1089_MTI_NEU_XX
25-34,Female,1052_ITH_FEA_XX
55+,Female,1020_IEO_NEU_XX
55+,Male,1087_IOM_NEU_XX
55+,Female,1006_IEO_DIS_LO
55+,Female,1024_IEO_DIS_HI
16-24,Female,1078_IWL_DIS_XX
25-34,Male,1032_DFA_SAD_XX
16-24,Female,1013_ITS_FEA_XX
16-24,Female,1003_IEO_HAP_MD
55+,Female,1028_IEO_SAD_MD
35-44,Female,1053_MTI_NEU_XX
55+,Male,1034_ITS_HAP_XX
55+,Female,1055_MTI_ANG_XX
35-44,Female,1075_ITS_HAP_XX
16-24,Male,1077_IEO_HAP_HI
55+,Female,1055_IWW_SAD_XX
55+,Female,1055_TIE_ANG_XX
35-44,Female,1004_IOM_DIS_XX
45-54,Male,1001_DFA_NEU_XX
55+,Female,1020_WSI_ANG_XX
35-44,Male,1048_WSI_SAD_XX
45-54,Female,1008_TAI_SAD_XX
25-34,Male,1011_IEO_DIS_MD
16-24,Male,1022_WSI_NEU_XX
35-44,Male,1041_IEO_SAD_LO
16-24,Female,1079_IEO_FEA_MD
45-54,Female,1084_ITH_ANG_XX
35-44,Male,1048_MTI_NEU_XX
55+,Female,1006_IOM_SAD_XX
25-34,Male,1086_WSI_SAD_XX
55+,Female,1055_WSI_ANG_XX
35-44,Female,1054_TIE_NEU_XX
35-44,Male,1040_ITH_ANG_XX
25-34,Male,1086_DFA_FEA_XX
55+,Male,1067_ITS_NEU_XX
35-44,Female,1004_IOM_ANG_XX
35-44,Male,1041_IWW_ANG_XX
35-44,Male,1044_TAI_DIS_XX
55+,Male,1016_WSI_DIS_XX
55+,Female,1024_IEO_DIS_LO
25-34,Female,1018_IOM_SAD_XX
16-24,Male,1077_IOM_SAD_XX
16-24,Male,1088_IEO_FEA_LO
35-44,Female,1054_WSI_ANG_XX
55+,Female,1055_MTI_SAD_XX
25-34,Male,1015_TAI_SAD_XX
55+,Female,1055_IEO_ANG_LO
55+,Female,1006_WSI_ANG_XX
45-54,Male,1039_TIE_DIS_XX
55+,Female,1006_IOM_NEU_XX
25-34,Female,1091_DFA_ANG_XX
25-34,Male,1081_ITH_FEA_XX
25-34,Female,1072_ITS_ANG_XX
55+,Female,1024_WSI_SAD_XX
25-34,Female,1018_IWW_DIS_XX
55+,Male,1087_IWW_ANG_XX
45-54,Female,1008_IEO_ANG_HI
55+,Female,1020_TIE_ANG_XX
25-34,Male,1019_IWW_SAD_XX
45-54,Male,1039_IOM_DIS_XX
16-24,Male,1059_ITS_DIS_XX
55+,Female,1028_WSI_NEU_XX
55+,Male,1034_TSI_DIS_XX
35-44,Female,1075_IEO_NEU_XX
25-34,Male,1015_IOM_ANG_XX
35-44,Male,1041_IWL_DIS_XX
16-24,Male,1045_IEO_DIS_MD
35-44,Female,1007_IEO_DIS_MD
45-54,Female,1008_IEO_HAP_LO
55+,Female,1024_TAI_ANG_XX
16-24,Female,1047_ITH_FEA_XX
16-24,Male,1023_IOM_FEA_XX
55+,Female,1024_ITS_ANG_XX
35-44,Female,1007_TSI_FEA_XX
35-44,Female,1054_ITH_NEU_XX
55+,Female,1028_DFA_FEA_XX
16-24,Male,1023_TSI_HAP_XX
55+,Female,1006_IEO_DIS_MD
16-24,Male,1059_IWW_SAD_XX
25-34,Male,1086_IWW_NEU_XX
35-44,Female,1007_TIE_NEU_XX
16-24,Female,1013_TAI_NEU_XX
55+,Female,1028_WSI_DIS_XX
55+,Female,1020_TSI_SAD_XX
55+,Female,1006_TIE_NEU_XX
55+,Male,1087_TSI_DIS_XX
55+,Female,1055_IOM_NEU_XX
25-34,Male,1068_ITS_HAP_XX
55+,Female,1006_IWL_HAP_XX
25-34,Female,1018_TAI_HAP_XX
55+,Female,1020_TAI_NEU_XX
55+,Female,1020_IEO_FEA_MD
55+,Female,1028_WSI_HAP_XX
16-24,Female,1089_IOM_DIS_XX
45-54,Female,1037_TSI_NEU_XX
55+,Female,1006_DFA_NEU_XX
45-54,Female,1056_TIE_DIS_XX
55+,Male,1016_IEO_SAD_HI
35-44,Male,1065_TSI_ANG_XX
35-44,Female,1075_TIE_NEU_XX
55+,Female,1055_IWL_SAD_XX
35-44,Female,1054_IWL_DIS_XX
55+,Female,1055_IEO_HAP_HI
25-34,Female,1060_MTI_ANG_XX
25-34,Female,1076_TIE_HAP_XX
35-44,Female,1004_ITS_HAP_XX
35-44,Male,1042_ITS_SAD_XX
25-34,Female,1029_MTI_SAD_XX
55+,Female,1055_TAI_FEA_XX
45-54,Female,1084_IWW_FEA_XX
16-24,Male,1059_IWW_HAP_XX
16-24,Male,1088_TAI_HAP_XX
35-44,Male,1040_IEO_SAD_LO
35-44,Male,1041_WSI_SAD_XX
55+,Male,1051_IEO_DIS_HI
25-34,Male,1032_MTI_NEU_XX
45-54,Female,1037_TIE_HAP_XX
55+,Female,1006_MTI_HAP_XX
45-54,Female,1008_DFA_NEU_XX
35-44,Male,1071_IOM_FEA_XX
35-44,Female,1054_IOM_DIS_XX
55+,Male,1051_IWW_DIS_XX
55+,Male,1034_TAI_FEA_XX
55+,Male,1016_ITH_FEA_XX
45-54,Male,1039_WSI_DIS_XX
35-44,Female,1004_TSI_FEA_XX
16-24,Male,1077_DFA_HAP_XX
45-54,Male,1090_ITS_NEU_XX
45-54,Female,1061_MTI_HAP_XX
55+,Female,1055_DFA_FEA_XX
16-24,Male,1088_TSI_NEU_XX
35-44,Male,1040_IOM_NEU_XX
55+,Male,1016_ITS_HAP_XX
35-44,Male,1041_IEO_HAP_MD
55+,Male,1087_WSI_HAP_XX
55+,Male,1067_IWL_DIS_XX
35-44,Male,1048_DFA_ANG_XX
35-44,Female,1054_ITH_FEA_XX
35-44,Male,1044_DFA_ANG_XX
25-34,Male,1015_WSI_SAD_XX
35-44,Female,1007_IEO_SAD_MD
55+,Female,1006_TSI_HAP_XX
55+,Female,1055_WSI_DIS_XX
45-54,Male,1083_TIE_FEA_XX
35-44,Male,1065_WSI_ANG_XX
55+,Female,1024_IEO_ANG_LO
55+,Male,1050_DFA_DIS_XX
25-34,Female,1060_TAI_ANG_XX
25-34,Male,1032_WSI_NEU_XX
35-44,Male,1065_IOM_FEA_XX
35-44,Female,1075_IEO_DIS_LO
55+,Male,1067_ITS_FEA_XX
16-24,Female,1046_IEO_NEU_XX
16-24,Male,1023_ITH_NEU_XX
45-54,Female,1008_IOM_ANG_XX
16-24,Female,1012_IEO_FEA_MD
35-44,Male,1065_IEO_ANG_MD
25-34,Female,1021_ITS_NEU_XX
55+,Female,1020_IWL_SAD_XX
45-54,Male,1039_IEO_ANG_MD
35-44,Male,1044_IEO_FEA_MD
55+,Female,1020_IEO_SAD_MD
45-54,Male,1039_ITS_NEU_XX
35-44,Male,1071_IWW_HAP_XX
16-24,Female,1012_IWW_HAP_XX
55+,Female,1055_DFA_SAD_XX
55+,Female,1055_TAI_DIS_XX
55+,Male,1051_IEO_HAP_MD
45-54,Female,1056_IOM_SAD_XX
45-54,Female,1061_MTI_DIS_XX
55+,Female,1028_IEO_ANG_MD
35-44,Female,1075_IEO_DIS_MD
16-24,Male,1077_IEO_FEA_MD
25-34,Female,1029_TSI_FEA_XX
55+,Male,1016_ITS_DIS_XX
16-24,Female,1013_DFA_SAD_XX
55+,Female,1028_MTI_FEA_XX
35-44,Male,1048_MTI_ANG_XX
35-44,Male,1042_MTI_DIS_XX
35-44,Male,1042_TAI_SAD_XX
55+,Female,1006_IWW_NEU_XX
25-34,Female,1052_DFA_NEU_XX
25-34,Female,1060_TSI_SAD_XX
35-44,Male,1040_IEO_NEU_XX
55+,Female,1055_IEO_FEA_LO
45-54,Male,1039_DFA_NEU_XX
35-44,Female,1053_WSI_HAP_XX
35-44,Female,1007_TSI_NEU_XX
55+,Male,1050_DFA_ANG_XX
55+,Female,1024_TAI_FEA_XX
35-44,Male,1040_IEO_DIS_LO
25-34,Male,1070_TAI_FEA_XX
16-24,Male,1022_MTI_HAP_XX
25-34,Female,1021_IEO_ANG_LO
55+,Female,1020_IEO_DIS_MD
55+,Female,1055_IEO_NEU_XX
35-44,Female,1054_TAI_ANG_XX
45-54,Male,1035_ITH_NEU_XX
16-24,Female,1079_TAI_ANG_XX
25-34,Male,1019_IOM_ANG_XX
55+,Female,1006_IOM_DIS_XX
55+,Female,1020_TIE_NEU_XX
55+,Male,1067_TAI_FEA_XX
25-34,Female,1010_WSI_SAD_XX
55+,Female,1028_ITS_FEA_XX
55+,Male,1067_ITH_FEA_XX
55+,Male,1050_ITS_ANG_XX
35-44,Male,1040_IEO_ANG_LO
25-34,Male,1069_TSI_SAD_XX
55+,Male,1050_ITS_NEU_XX
45-54,Female,1037_ITS_DIS_XX
55+,Female,1006_IOM_HAP_XX
35-44,Male,1044_ITS_ANG_XX
35-44,Female,1053_IOM_FEA_XX
55+,Male,1087_TIE_HAP_XX
55+,Female,1006_IEO_ANG_HI
55+,Female,1006_IEO_FEA_HI
16-24,Female,1009_TIE_DIS_XX
16-24,Male,1022_DFA_FEA_XX
16-24,Female,1089_MTI_HAP_XX
16-24,Female,1003_IWW_ANG_XX
35-44,Male,1048_TSI_DIS_XX
55+,Female,1006_ITS_NEU_XX
45-54,Female,1008_TIE_ANG_XX
55+,Male,1051_IEO_FEA_MD
25-34,Male,1068_IEO_DIS_HI
35-44,Male,1048_DFA_FEA_XX
25-34,Female,1074_TSI_NEU_XX
25-34,Female,1052_TSI_ANG_XX
35-44,Female,1004_IWL_ANG_XX
35-44,Female,1007_ITH_SAD_XX
25-34,Male,1069_IWL_DIS_XX
16-24,Male,1022_IWL_FEA_XX
35-44,Female,1004_IWW_SAD_XX
16-24,Female,1082_IEO_DIS_HI
45-54,Female,1008_TAI_NEU_XX
55+,Female,1024_TSI_ANG_XX
35-44,Female,1053_IOM_ANG_XX
45-54,Female,1061_TSI_ANG_XX
55+,Female,1055_IOM_SAD_XX
55+,Male,1067_TSI_FEA_XX
55+,Female,1024_TIE_FEA_XX
55+,Female,1024_IWL_FEA_XX
55+,Female,1028_MTI_DIS_XX
16-24,Male,1059_TIE_ANG_XX
35-44,Male,1048_IOM_FEA_XX
55+,Male,1051_DFA_NEU_XX
35-44,Male,1017_IEO_DIS_LO
35-44,Male,1048_TIE_ANG_XX
35-44,Male,1065_IWL_DIS_XX
35-44,Female,1053_ITS_DIS_XX
25-34,Male,1033_ITH_SAD_XX
16-24,Female,1003_ITS_FEA_XX
55+,Female,1028_IOM_FEA_XX
55+,Male,1016_ITS_FEA_XX
55+,Female,1020_IWW_HAP_XX
55+,Female,1055_IWL_HAP_XX
55+,Male,1087_DFA_DIS_XX
16-24,Female,1078_TIE_FEA_XX
16-24,Female,1046_WSI_HAP_XX
35-44,Female,1058_ITS_SAD_XX
25-34,Male,1011_IOM_NEU_XX
16-24,Female,1047_ITH_SAD_XX
25-34,Male,1069_ITH_FEA_XX
16-24,Female,1003_WSI_DIS_XX
55+,Female,1028_IWL_SAD_XX
25-34,Male,1066_DFA_SAD_XX
35-44,Male,1065_IEO_DIS_HI
45-54,Male,1039_IEO_HAP_LO
55+,Female,1006_IEO_NEU_XX
55+,Female,1006_IEO_SAD_LO
45-54,Female,1037_IWL_SAD_XX
16-24,Male,1014_TIE_SAD_XX
25-34,Female,1060_IEO_DIS_LO
55+,Male,1016_DFA_SAD_XX
55+,Male,1087_DFA_NEU_XX
16-24,Female,1009_TAI_FEA_XX
55+,Female,1020_TAI_HAP_XX
35-44,Male,1042_MTI_SAD_XX
16-24,Male,1059_IEO_HAP_MD
55+,Female,1020_DFA_DIS_XX
25-34,Female,1091_ITS_DIS_XX
25-34,Female,1052_WSI_ANG_XX
35-44,Female,1007_WSI_FEA_XX
25-34,Female,1021_IEO_DIS_MD
35-44,Female,1075_IOM_DIS_XX
35-44,Female,1075_ITH_DIS_XX
25-34,Female,1018_ITH_ANG_XX
16-24,Female,1003_TIE_ANG_XX
16-24,Female,1073_IOM_HAP_XX
35-44,Male,1027_TAI_DIS_XX
25-34,Male,1019_TSI_SAD_XX
35-44,Male,1048_ITH_SAD_XX
55+,Female,1055_MTI_DIS_XX
55+,Male,1034_TSI_FEA_XX
16-24,Female,1013_IEO_DIS_LO
35-44,Female,1004_TAI_NEU_XX
45-54,Male,1090_TIE_NEU_XX
55+,Female,1006_ITS_FEA_XX
16-24,Male,1088_ITH_NEU_XX
45-54,Male,1039_IWW_DIS_XX
55+,Female,1055_WSI_FEA_XX
55+,Female,1024_ITH_SAD_XX
55+,Female,1006_TIE_FEA_XX
55+,Female,1028_DFA_DIS_XX
55+,Male,1067_MTI_HAP_XX
45-54,Female,1056_WSI_FEA_XX
55+,Male,1062_DFA_SAD_XX
55+,Female,1006_DFA_DIS_XX
55+,Male,1067_IWW_SAD_XX
55+,Female,1006_ITS_DIS_XX
55+,Male,1050_TSI_ANG_XX
45-54,Female,1056_ITH_ANG_XX
45-54,Female,1061_IEO_FEA_MD
25-34,Male,1070_MTI_HAP_XX
35-44,Male,1040_DFA_NEU_XX
16-24,Female,1046_ITS_HAP_XX
55+,Female,1020_TIE_FEA_XX
35-44,Female,1075_IEO_FEA_HI
16-24,Male,1077_IEO_HAP_LO
55+,Female,1024_IWW_FEA_XX
25-34,Male,1011_ITH_NEU_XX
35-44,Male,1041_TIE_FEA_XX
16-24,Male,1080_TSI_DIS_XX
35-44,Female,1004_ITH_DIS_XX
55+,Male,1062_IEO_ANG_MD
55+,Male,1051_TIE_NEU_XX
55+,Female,1028_ITH_HAP_XX
16-24,Female,1082_DFA_SAD_XX
55+,Female,1055_ITH_HAP_XX
35-44,Male,1017_WSI_HAP_XX
35-44,Male,1041_IEO_NEU_XX
55+,Female,1024_IWW_HAP_XX
16-24,Male,1059_IEO_SAD_HI
55+,Female,1055_ITS_DIS_XX
35-44,Male,1071_TAI_DIS_XX
45-54,Female,1025_TAI_ANG_XX
25-34,Male,1033_IWW_SAD_XX
55+,Female,1020_TSI_HAP_XX
55+,Female,1028_IOM_NEU_XX
16-24,Female,1012_IEO_FEA_HI
55+,Female,1028_WSI_FEA_XX
25-34,Male,1068_IWW_NEU_XX
45-54,Female,1056_TIE_SAD_XX
55+,Female,1028_MTI_SAD_XX
45-54,Male,1001_TAI_HAP_XX
35-44,Male,1017_TAI_FEA_XX
35-44,Female,1030_IOM_NEU_XX
25-34,Male,1019_MTI_ANG_XX
35-44,Female,1030_IEO_HAP_MD
55+,Female,1020_ITS_DIS_XX
35-44,Male,1041_IWL_FEA_XX
25-34,Female,1018_WSI_FEA_XX
16-24,Female,1079_IWW_NEU_XX
55+,Male,1067_IWL_HAP_XX
35-44,Male,1027_MTI_SAD_XX
16-24,Male,1059_WSI_NEU_XX
35-44,Female,1007_IOM_SAD_XX
55+,Male,1016_TIE_SAD_XX
16-24,Female,1082_TIE_ANG_XX
16-24,Male,1045_ITS_FEA_XX
55+,Male,1016_IWW_SAD_XX
35-44,Male,1042_IWL_NEU_XX
55+,Female,1020_IOM_HAP_XX
45-54,Male,1036_TSI_NEU_XX
35-44,Male,1065_IWL_SAD_XX
55+,Female,1024_IOM_DIS_XX
35-44,Female,1054_IWL_SAD_XX
55+,Female,1024_IEO_SAD_HI
45-54,Male,1036_IWW_FEA_XX
45-54,Male,1090_IWL_FEA_XX
55+,Female,1055_IOM_HAP_XX
45-54,Male,1035_IEO_ANG_MD
45-54,Male,1064_IEO_SAD_LO
35-44,Female,1053_ITH_ANG_XX
35-44,Male,1042_TAI_NEU_XX
25-34,Male,1005_IEO_SAD_HI
16-24,Female,1009_ITS_NEU_XX
16-24,Female,1079_IEO_FEA_LO
35-44,Male,1048_TIE_DIS_XX
45-54,Male,1039_TIE_NEU_XX
25-34,Female,1072_IWW_ANG_XX
25-34,Female,1043_IEO_ANG_HI
16-24,Female,1079_ITS_HAP_XX
16-24,Female,1078_IWL_ANG_XX
35-44,Male,1048_IWW_NEU_XX
16-24,Male,1014_MTI_NEU_XX
45-54,Female,1056_DFA_ANG_XX
45-54,Male,1039_IWL_HAP_XX
55+,Male,1016_ITH_HAP_XX
35-44,Female,1004_MTI_ANG_XX
55+,Male,1067_IWL_NEU_XX
55+,Female,1024_TIE_DIS_XX
45-54,Male,1001_DFA_FEA_XX
25-34,Female,1091_IWW_ANG_XX
55+,Female,1055_MTI_FEA_XX
16-24,Male,1022_MTI_NEU_XX
25-34,Female,1091_ITS_HAP_XX
55+,Female,1055_ITS_ANG_XX
16-24,Male,1022_TSI_NEU_XX
35-44,Female,1004_WSI_ANG_XX
25-34,Female,1063_TSI_ANG_XX
55+,Male,1067_TIE_SAD_XX
35-44,Male,1017_TAI_HAP_XX
55+,Female,1024_IEO_FEA_MD
35-44,Female,1058_MTI_FEA_XX
55+,Male,1034_WSI_DIS_XX
35-44,Female,1058_TSI_SAD_XX
45-54,Female,1056_IEO_HAP_MD
35-44,Male,1044_IWL_ANG_XX
45-54,Female,1084_TIE_NEU_XX
55+,Female,1055_IWL_DIS_XX
55+,Male,1051_ITH_SAD_XX
16-24,Female,1089_WSI_SAD_XX
35-44,Male,1027_ITH_ANG_XX
35-44,Male,1048_TAI_ANG_XX
55+,Female,1024_TIE_SAD_XX
55+,Female,1024_DFA_SAD_XX
55+,Female,1055_TAI_NEU_XX
55+,Male,1034_IWW_HAP_XX
55+,Female,1024_IOM_HAP_XX
25-34,Female,1076_DFA_FEA_XX
25-34,Male,1066_ITS_HAP_XX
45-54,Male,1090_TIE_HAP_XX
45-54,Male,1064_ITH_SAD_XX
35-44,Male,1048_TIE_SAD_XX
25-34,Male,1057_ITS_FEA_XX
55+,Female,1055_IOM_DIS_XX
25-34,Female,1072_MTI_SAD_XX
45-54,Male,1035_WSI_FEA_XX
25-34,Female,1063_IWL_FEA_XX
55+,Male,1016_IEO_DIS_MD
55+,Male,1016_TAI_ANG_XX
25-34,Male,1057_IEO_ANG_LO
45-54,Female,1025_MTI_ANG_XX
55+,Female,1055_ITH_DIS_XX
16-24,Male,1014_WSI_DIS_XX
16-24,Male,1088_MTI_DIS_XX
55+,Female,1055_TSI_DIS_XX
25-34,Female,1063_DFA_HAP_XX
16-24,Male,1045_DFA_DIS_XX
55+,Female,1055_IWL_FEA_XX
16-24,Male,1080_IEO_FEA_MD
55+,Male,1062_IEO_FEA_HI
45-54,Male,1090_DFA_ANG_XX
35-44,Female,1004_TAI_ANG_XX
16-24,Female,1047_IEO_FEA_HI
45-54,Male,1035_IEO_SAD_LO
55+,Female,1024_TAI_DIS_XX
45-54,Male,1083_TIE_ANG_XX
55+,Female,1024_TIE_ANG_XX
16-24,Female,1009_ITS_SAD_XX
35-44,Male,1065_ITH_SAD_XX
25-34,Female,1052_ITH_DIS_XX
16-24,Male,1059_ITH_FEA_XX
55+,Male,1016_TAI_SAD_XX
25-34,Male,1019_TIE_NEU_XX
55+,Female,1024_DFA_ANG_XX
55+,Male,1034_IWW_NEU_XX
16-24,Male,1022_TIE_NEU_XX
45-54,Male,1001_DFA_ANG_XX
16-24,Female,1047_TAI_SAD_XX
35-44,Female,1075_ITH_NEU_XX
55+,Male,1051_ITS_NEU_XX
55+,Female,1024_TIE_HAP_XX
45-54,Male,1083_ITH_SAD_XX
55+,Female,1024_MTI_DIS_XX
45-54,Male,1064_IEO_DIS_LO
55+,Female,1024_ITS_SAD_XX
35-44,Male,1042_IWW_ANG_XX
16-24,Female,1009_IWL_FEA_XX
35-44,Male,1048_IWW_DIS_XX
16-24,Female,1073_ITS_DIS_XX
45-54,Male,1036_TAI_ANG_XX
45-54,Female,1025_TSI_ANG_XX
55+,Male,1087_IEO_FEA_LO
35-44,Female,1058_IWL_NEU_XX
55+,Female,1024_WSI_HAP_XX
55+,Female,1024_IWL_SAD_XX
55+,Male,1016_IWL_SAD_XX
16-24,Female,1012_IEO_NEU_XX
45-54,Male,1036_TAI_DIS_XX
35-44,Male,1027_ITS_DIS_XX
45-54,Male,1036_TAI_SAD_XX
16-24,Female,1073_ITH_HAP_XX
45-54,Female,1037_DFA_DIS_XX
55+,Male,1016_IOM_DIS_XX
45-54,Male,1064_IEO_HAP_MD
16-24,Male,1059_MTI_FEA_XX
16-24,Male,1080_MTI_NEU_XX
45-54,Female,1084_ITH_HAP_XX
35-44,Male,1071_DFA_NEU_XX
25-34,Male,1070_IEO_ANG_HI
25-34,Female,1029_ITH_NEU_XX
55+,Male,1016_ITH_DIS_XX
35-44,Female,1007_MTI_HAP_XX
45-54,Male,1001_IEO_SAD_HI
45-54,Male,1090_IEO_SAD_MD
55+,Male,1016_IWL_FEA_XX
35-44,Female,1075_IEO_SAD_HI
45-54,Female,1008_ITS_NEU_XX
25-34,Male,1032_TIE_ANG_XX
25-34,Male,1066_ITS_DIS_XX
35-44,Female,1075_IOM_FEA_XX
45-54,Female,1037_DFA_ANG_XX
16-24,Male,1045_IOM_SAD_XX
25-34,Male,1081_TIE_SAD_XX
45-54,Male,1090_IEO_ANG_HI
25-34,Female,1010_IEO_FEA_MD
25-34,Male,1015_IWL_NEU_XX
35-44,Male,1044_ITH_NEU_XX
35-44,Female,1075_MTI_ANG_XX
16-24,Female,1079_IWW_FEA_XX
45-54,Female,1008_ITH_DIS_XX
45-54,Male,1083_IEO_HAP_LO
35-44,Male,1071_ITH_FEA_XX
55+,Male,1062_IWL_DIS_XX
55+,Male,1062_IEO_HAP_HI
16-24,Female,1082_IWL_HAP_XX
55+,Male,1051_TIE_DIS_XX
55+,Male,1062_IWL_NEU_XX
25-34,Male,1057_ITH_ANG_XX
25-34,Female,1091_TAI_ANG_XX
35-44,Male,1017_IEO_DIS_MD
55+,Male,1062_TIE_DIS_XX
35-44,Female,1004_IWW_ANG_XX
35-44,Male,1027_MTI_FEA_XX
45-54,Female,1056_IOM_DIS_XX
16-24,Female,1009_TSI_HAP_XX
35-44,Male,1041_IWL_NEU_XX
55+,Male,1051_TSI_ANG_XX
55+,Male,1087_IEO_ANG_LO
55+,Male,1067_TAI_DIS_XX
55+,Male,1016_TSI_FEA_XX
16-24,Female,1012_TIE_SAD_XX
25-34,Female,1063_DFA_FEA_XX
25-34,Female,1091_IOM_HAP_XX
35-44,Male,1065_ITH_HAP_XX
25-34,Female,1076_TIE_NEU_XX
45-54,Male,1036_ITH_DIS_XX
16-24,Male,1022_ITS_DIS_XX
55+,Male,1087_WSI_DIS_XX
25-34,Male,1005_DFA_FEA_XX
35-44,Male,1044_TIE_ANG_XX
16-24,Male,1045_IEO_ANG_HI
55+,Male,1016_TSI_SAD_XX
35-44,Female,1075_ITH_SAD_XX
35-44,Female,1030_ITS_SAD_XX
25-34,Female,1076_IEO_SAD_HI
45-54,Male,1039_ITH_DIS_XX
16-24,Male,1014_ITS_DIS_XX
45-54,Male,1035_IOM_ANG_XX
16-24,Male,1045_ITH_DIS_XX
35-44,Male,1017_ITS_HAP_XX
16-24,Female,1003_TIE_DIS_XX
35-44,Female,1030_MTI_HAP_XX
16-24,Female,1082_TAI_SAD_XX
45-54,Male,1090_WSI_DIS_XX
35-44,Female,1030_DFA_ANG_XX
55+,Male,1087_IWW_NEU_XX
35-44,Male,1044_IWW_HAP_XX
45-54,Female,1008_IWW_DIS_XX
16-24,Male,1014_TAI_HAP_XX
25-34,Female,1076_IWL_FEA_XX
45-54,Female,1025_DFA_NEU_XX
16-24,Female,1073_IWW_SAD_XX
16-24,Male,1088_ITS_NEU_XX
25-34,Male,1015_TIE_FEA_XX
25-34,Female,1021_TIE_HAP_XX
16-24,Male,1088_MTI_ANG_XX
45-54,Male,1036_IEO_HAP_HI
16-24,Female,1002_IOM_SAD_XX
45-54,Female,1008_TSI_NEU_XX
25-34,Female,1010_IEO_HAP_LO
25-34,Female,1076_IWW_ANG_XX
35-44,Male,1027_ITS_SAD_XX
35-44,Male,1017_IWL_ANG_XX
45-54,Male,1090_IWL_HAP_XX
45-54,Female,1037_TSI_HAP_XX
45-54,Female,1061_TSI_SAD_XX
35-44,Female,1004_DFA_FEA_XX
35-44,Male,1040_TAI_FEA_XX
35-44,Female,1004_IEO_DIS_MD
55+,Male,1034_TAI_SAD_XX
45-54,Male,1001_ITH_NEU_XX
35-44,Female,1058_IWW_FEA_XX
55+,Male,1067_IWW_ANG_XX
35-44,Male,1071_TSI_ANG_XX
45-54,Female,1037_IWW_HAP_XX
25-34,Male,1069_IWL_SAD_XX
35-44,Male,1071_IOM_NEU_XX
35-44,Male,1040_MTI_FEA_XX
45-54,Male,1001_DFA_DIS_XX
45-54,Female,1008_IEO_DIS_MD
16-24,Female,1009_TSI_NEU_XX
16-24,Female,1078_IEO_ANG_MD
35-44,Male,1017_MTI_HAP_XX
25-34,Male,1015_WSI_FEA_XX
35-44,Male,1065_WSI_HAP_XX
45-54,Male,1035_ITH_SAD_XX
55+,Male,1087_IEO_ANG_MD
35-44,Male,1044_ITS_NEU_XX
16-24,Female,1013_IEO_NEU_XX
45-54,Male,1064_MTI_DIS_XX
45-54,Female,1025_DFA_HAP_XX
45-54,Female,1061_ITH_SAD_XX
16-24,Male,1088_DFA_FEA_XX
25-34,Female,1029_MTI_HAP_XX
55+,Male,1016_IEO_ANG_HI
16-24,Male,1077_IWL_DIS_XX
16-24,Male,1023_ITS_FEA_XX
25-34,Female,1074_IWW_FEA_XX
45-54,Female,1056_IOM_ANG_XX
45-54,Female,1025_IWW_SAD_XX
45-54,Female,1061_ITH_DIS_XX
16-24,Male,1045_ITS_DIS_XX
35-44,Male,1027_DFA_FEA_XX
16-24,Female,1013_IEO_FEA_MD
16-24,Male,1059_IWL_HAP_XX
16-24,Female,1002_DFA_SAD_XX
45-54,Male,1090_ITS_HAP_XX
16-24,Male,1059_DFA_ANG_XX
16-24,Female,1009_IWW_FEA_XX
25-34,Female,1063_IEO_DIS_HI
55+,Male,1034_IWW_FEA_XX
45-54,Female,1061_IWW_HAP_XX
45-54,Male,1064_DFA_NEU_XX
25-34,Male,1069_IEO_ANG_LO
16-24,Female,1046_ITS_SAD_XX
45-54,Female,1008_IOM_HAP_XX
35-44,Male,1040_WSI_SAD_XX
55+,Male,1016_IWW_FEA_XX
45-54,Male,1035_TSI_SAD_XX
55+,Male,1062_DFA_DIS_XX
45-54,Female,1084_IEO_SAD_LO
45-54,Male,1001_WSI_NEU_XX
45-54,Male,1036_IWW_SAD_XX
55+,Male,1067_IOM_HAP_XX
55+,Male,1050_WSI_DIS_XX
25-34,Male,1019_IWW_ANG_XX
25-34,Female,1029_TSI_ANG_XX
16-24,Male,1059_IEO_FEA_LO
25-34,Female,1018_TIE_FEA_XX
25-34,Female,1052_IEO_DIS_HI
16-24,Male,1080_IEO_DIS_LO
35-44,Male,1017_ITS_ANG_XX
45-54,Female,1084_TAI_NEU_XX
25-34,Female,1010_IEO_DIS_MD
35-44,Male,1040_DFA_ANG_XX
55+,Male,1050_ITH_DIS_XX
45-54,Female,1025_ITH_SAD_XX
35-44,Female,1054_IWW_FEA_XX
35-44,Male,1044_IEO_NEU_XX
25-34,Male,1086_ITH_NEU_XX
45-54,Female,1056_TIE_NEU_XX
16-24,Female,1047_TAI_NEU_XX
25-34,Male,1081_TIE_DIS_XX
45-54,Female,1056_ITH_SAD_XX
45-54,Female,1008_IWL_HAP_XX
35-44,Female,1007_IWW_SAD_XX
25-34,Female,1010_TAI_HAP_XX
16-24,Male,1045_WSI_HAP_XX
35-44,Male,1017_IEO_SAD_MD
35-44,Male,1042_TSI_FEA_XX
